trip_id,start_time,end_time,headway_secs,exact_times
890306,08:00:00,10:00:00,900,0
466953,06:30:00,07:00:00,1800,0
466953,07:00:00,19:20:00,1200,0
466953,19:20:00,19:45:00,1500,0
466964,07:10:00,20:30:00,1200,0
467012,07:30:00,08:30:00,3600,0
467012,08:30:00,19:00:00,37800,0
467014,07:55:00,18:30:00,38100,0
467014,18:30:00,19:30:00,3600,0
466964,20:30:00,22:00:00,1800,0
2739562,09:00:00,13:30:00,1800,0
467170,07:25:00,09:25:00,7200,0
467170,09:25:00,12:25:00,10800,0
467177,07:25:00,09:25:00,7200,0
467177,09:25:00,12:25:00,10800,0
467178,15:25:00,18:40:00,11700,0
467179,15:25:00,18:40:00,11700,0
467190,10:00:00,11:00:00,3600,0
467190,11:00:00,20:00:00,5400,0
467193,10:30:00,19:30:00,5400,0
3166611,06:55:00,07:25:00,900,0
945590,19:45:00,20:45:00,3600,0
945593,19:45:00,20:45:00,3600,0
2739562,13:30:00,21:30:00,1200,0
890304,06:40:00,08:00:00,1200,0
942967,21:15:00,21:30:00,900,0
890306,20:00:00,21:30:00,900,0
890306,06:40:00,08:00:00,1200,0
890306,10:00:00,16:00:00,1200,0
890306,16:00:00,20:00:00,900,0
942965,07:00:00,17:00:00,1200,0
942965,17:00:00,20:00:00,900,0
942965,20:00:00,20:30:00,900,0
942965,20:30:00,21:00:00,900,0
942965,21:00:00,21:30:00,900,0
890304,08:00:00,10:00:00,900,0
890304,10:00:00,16:00:00,1200,0
890304,16:00:00,20:00:00,900,0
890304,20:00:00,21:30:00,900,0
942967,07:00:00,17:00:00,1200,0
942967,17:00:00,20:00:00,900,0
942967,20:00:00,20:30:00,900,0
942967,20:30:00,21:00:00,900,0
942967,21:00:00,21:15:00,900,0
942968,09:15:00,13:15:00,1800,0
942968,13:15:00,13:30:00,900,0
942968,19:50:00,20:30:00,1200,0
942968,13:30:00,19:50:00,1200,0
942968,20:30:00,21:30:00,1200,0
945061,08:45:00,18:20:00,34500,0
945128,18:30:00,19:35:00,3900,0
945082,17:15:00,17:40:00,1500,0
945082,17:40:00,19:00:00,4800,0
945126,07:15:00,09:00:00,6300,0
945126,09:00:00,10:30:00,5400,0
945126,10:30:00,13:30:00,10800,0
945126,13:30:00,17:00:00,12600,0
945126,17:00:00,21:45:00,17100,0
945126,21:45:00,23:00:00,4500,0
945127,07:30:00,08:30:00,3600,0
945127,08:30:00,16:00:00,27000,0
945127,16:00:00,21:15:00,18900,0
945127,21:15:00,22:45:00,5400,0
945128,08:00:00,15:40:00,27600,0
945128,15:40:00,17:40:00,7200,0
945128,17:40:00,18:30:00,3000,0
945128,19:35:00,20:30:00,3300,0
945129,06:40:00,10:10:00,12600,0
945129,10:10:00,12:00:00,6600,0
945129,12:00:00,14:00:00,7200,0
945129,14:00:00,17:15:00,3000,0
945129,17:15:00,18:05:00,3000,0
945129,18:05:00,19:10:00,3900,0
945129,19:10:00,20:00:00,3000,0
945130,06:55:00,10:10:00,11700,0
945130,10:10:00,12:00:00,6600,0
945130,12:00:00,14:00:00,7200,0
945130,14:00:00,17:15:00,3000,0
945130,17:15:00,18:05:00,3000,0
945130,18:05:00,19:10:00,3900,0
945130,19:10:00,20:00:00,3000,0
945131,06:30:00,20:30:00,1200,0
945131,20:30:00,22:00:00,1800,0
945132,06:50:00,20:30:00,1200,0
945132,20:30:00,22:30:00,1800,0
945133,07:30:00,20:30:00,1200,0
945133,20:30:00,22:30:00,1800,0
466953,19:45:00,20:00:00,900,0
945167,06:50:00,16:30:00,34800,0
945169,07:30:00,16:30:00,32400,0
945171,12:55:00,19:45:00,24600,0
945176,06:45:00,07:20:00,2100,0
945176,07:20:00,07:45:00,1500,0
945176,07:45:00,21:45:00,1800,0
945178,07:15:00,22:15:00,1800,0
945239,07:10:00,09:10:00,1200,0
945252,07:30:00,09:10:00,1200,0
945256,07:30:00,14:30:00,25200,0
945256,14:30:00,16:00:00,5400,0
945257,11:45:00,13:45:00,7200,0
945257,13:45:00,18:20:00,16500,0
945259,11:30:00,13:30:00,7200,0
945260,12:30:00,15:45:00,11700,0
945262,11:00:00,15:00:00,14400,0
945263,07:20:00,12:50:00,19800,0
945263,12:50:00,16:05:00,11700,0
945264,11:00:00,14:30:00,12600,0
945264,14:30:00,18:25:00,14100,0
945590,07:30:00,15:30:00,3600,0
945590,15:30:00,16:40:00,4200,0
945590,16:40:00,18:40:00,3600,0
945590,18:40:00,19:45:00,3900,0
945591,07:30:00,15:30:00,3600,0
945591,15:30:00,16:40:00,4200,0
945591,16:40:00,18:40:00,3600,0
945591,18:40:00,19:45:00,3900,0
945592,10:30:00,15:30:00,3600,0
945592,15:30:00,16:40:00,4200,0
945592,16:40:00,18:40:00,3600,0
945592,18:40:00,19:45:00,3900,0
945592,19:45:00,20:45:00,3600,0
945593,07:30:00,15:30:00,3600,0
945593,15:30:00,16:40:00,4200,0
945593,16:40:00,18:40:00,3600,0
945593,18:40:00,19:45:00,3900,0
945594,13:00:00,15:00:00,7200,0
945594,15:00:00,17:10:00,7800,0
945595,07:30:00,15:30:00,3600,0
945595,15:30:00,16:40:00,4200,0
945595,16:40:00,18:40:00,3600,0
945595,18:40:00,19:45:00,3900,0
945596,10:30:00,15:30:00,3600,0
945596,15:30:00,16:40:00,4200,0
945596,16:40:00,18:40:00,3600,0
945596,18:40:00,19:45:00,3900,0
945596,19:45:00,20:45:00,3600,0
945597,14:00:00,16:10:00,7800,0
945597,16:10:00,18:10:00,7200,0
945238,09:30:00,25:00:00,1800,0
466953,20:00:00,25:00:00,1800,0
946837,08:10:00,10:10:00,7200,0
946837,10:10:00,13:10:00,10800,0
3071646,05:50:00,23:50:00,480,0
3071645,05:50:00,23:54:00,480,0
3059852,19:00:00,24:00:00,900,0
3059852,13:00:00,19:00:00,900,0
3059852,06:00:00,13:00:00,900,0
3059851,19:00:00,24:00:00,900,0
3059851,13:00:00,19:00:00,900,0
3059851,06:00:00,13:00:00,900,0
3059850,23:00:00,24:00:00,900,0
3059850,20:00:00,23:00:00,900,0
3059850,16:00:00,20:00:00,900,0
3059850,10:00:00,16:00:00,900,0
3059850,07:00:00,10:00:00,900,0
3059850,06:00:00,07:00:00,900,0
3059849,23:00:00,24:00:00,900,0
3059849,20:00:00,23:00:00,900,0
3059849,16:00:00,20:00:00,900,0
3059849,10:00:00,16:00:00,900,0
3059849,07:00:00,10:00:00,900,0
3059849,06:00:00,07:00:00,900,0
3166571,22:00:00,24:00:00,480,0
3166571,06:45:00,22:00:00,360,0
3166571,06:00:00,06:45:00,480,0
3166570,22:00:00,24:00:00,480,0
3166570,06:45:00,22:00:00,360,0
3166570,06:00:00,06:45:00,480,0
3166591,00:20:00,06:00:00,1200,0
3166573,06:00:00,24:00:00,600,0
3166572,06:00:00,24:00:00,600,0
3166645,06:00:00,24:00:00,240,0
3166644,06:00:00,24:00:00,240,0
3068656,23:50:00,01:00:00,600,0
3068655,23:50:00,02:00:00,600,0
3068654,23:50:00,01:00:00,600,0
3068653,23:50:00,02:00:00,600,0
3068664,23:50:00,01:00:00,600,0
3068663,23:50:00,02:00:00,600,0
3068662,23:50:00,01:00:00,600,0
3068661,23:50:00,02:00:00,600,0
942559,09:00:00,23:00:00,180,0
942568,09:00:00,23:00:00,180,0
3068660,23:50:00,01:00:00,600,0
3068659,23:50:00,02:00:00,600,0
3068658,23:50:00,01:00:00,600,0
3068657,23:50:00,02:00:00,600,0
890657,08:00:00,19:00:00,600,0
890658,08:00:00,19:00:00,600,0
890659,08:00:00,23:00:00,600,0
890660,08:00:00,23:00:00,600,0
3068652,23:50:00,01:00:00,600,0
3068651,23:50:00,02:00:00,600,0
3068650,23:50:00,01:00:00,600,0
3068649,23:50:00,02:00:00,600,0
3068685,23:50:00,01:00:00,600,0
3068684,23:50:00,02:00:00,600,0
3068683,23:50:00,01:00:00,600,0
3068682,23:50:00,02:00:00,600,0
3068681,23:50:00,01:00:00,600,0
3068680,23:50:00,02:00:00,600,0
3068679,23:50:00,01:00:00,600,0
3068678,23:50:00,02:00:00,600,0
3068668,23:50:00,01:00:00,600,0
3068667,23:50:00,02:00:00,600,0
3068666,23:50:00,01:00:00,600,0
3068665,23:50:00,02:00:00,600,0
3068677,23:50:00,01:00:00,600,0
3068675,23:50:00,02:00:00,600,0
3068674,23:50:00,01:00:00,600,0
3068673,23:50:00,02:00:00,600,0
3068693,23:50:00,01:00:00,600,0
3068692,23:50:00,02:00:00,600,0
3068691,23:50:00,01:00:00,600,0
3068690,23:50:00,02:00:00,600,0
466780,06:00:00,06:15:00,420,0
466780,06:15:00,07:05:00,600,0
466780,07:05:00,22:01:00,480,0
466780,22:01:00,23:31:00,600,0
466780,23:31:00,24:00:00,900,0
466783,06:00:00,06:15:00,420,0
466783,06:15:00,07:39:00,600,0
466783,07:39:00,21:07:00,480,0
466783,21:07:00,24:07:00,600,0
466783,24:07:00,24:35:00,900,0
466784,06:00:00,06:15:00,420,0
466784,06:15:00,23:35:00,600,0
466784,23:35:00,24:00:00,720,0
3068672,23:50:00,01:00:00,600,0
3068671,23:50:00,02:00:00,600,0
3068670,23:50:00,01:00:00,600,0
3068669,23:50:00,02:00:00,600,0
466802,07:30:00,22:45:00,420,0
466853,07:30:00,22:45:00,420,0
466800,07:00:00,07:56:00,420,0
466800,07:56:00,21:00:00,300,0
466800,21:00:00,22:45:00,420,0
466866,07:00:00,07:56:00,420,0
466866,07:56:00,21:00:00,300,0
466866,21:00:00,22:45:00,420,0
466801,07:00:00,07:56:00,420,0
466801,07:56:00,21:00:00,300,0
466801,21:00:00,22:45:00,420,0
466852,07:00:00,07:56:00,420,0
466852,07:56:00,21:00:00,300,0
466852,21:00:00,22:45:00,420,0
3068689,23:50:00,01:00:00,600,0
3068688,23:50:00,02:00:00,600,0
3068687,23:50:00,01:00:00,600,0
3068686,23:50:00,02:00:00,600,0
942503,04:50:00,24:00:00,180,0
3121470,04:50:00,24:00:00,180,0
3121471,06:00:00,23:00:00,600,0
3121472,06:00:00,23:00:00,600,0
3116181,05:00:00,23:45:00,360,0
3116182,05:00:00,23:45:00,360,0
3116160,09:00:00,19:00:00,600,0
3116161,09:00:00,19:00:00,600,0
3116164,06:00:00,23:00:00,360,0
3116165,06:00:00,23:00:00,360,0
3116166,06:00:00,00:00:00,360,0
3116168,06:00:00,00:00:00,360,0
3116169,06:00:00,23:00:00,480,0
3116170,06:00:00,23:00:00,480,0
3116171,05:40:00,23:00:00,480,0
3116172,05:40:00,23:00:00,480,0
3116173,06:00:00,22:30:00,300,0
3116174,06:00:00,22:30:00,300,0
3116176,06:00:00,23:00:00,360,0
3116177,06:00:00,23:00:00,360,0
3116178,05:00:00,23:45:00,360,0
3116183,05:00:00,23:45:00,360,0
3116188,06:10:00,23:45:00,360,0
3116190,09:00:00,19:00:00,900,0
3116191,09:00:00,19:00:00,900,0
3116192,09:00:00,19:00:00,900,0
3116193,09:00:00,19:00:00,900,0
3116194,06:15:00,22:30:00,360,0
3116195,06:15:00,22:30:00,360,0
3116196,06:00:00,20:00:00,1200,0
3116197,06:00:00,20:00:00,1200,0
3116201,06:00:00,20:00:00,1200,0
3116202,06:00:00,22:00:00,600,0
3116203,06:00:00,22:00:00,600,0
3116204,06:00:00,22:00:00,300,0
3116205,06:00:00,22:00:00,300,0
3116228,09:00:00,19:00:00,900,0
3116229,09:00:00,19:00:00,900,0
3116230,09:00:00,19:00:00,480,0
3116231,09:00:00,19:00:00,480,0
3116232,09:00:00,19:00:00,480,0
3116233,09:00:00,19:00:00,480,0
3116234,05:30:00,20:30:00,600,0
3116235,05:30:00,20:30:00,600,0
3116236,05:30:00,20:30:00,600,0
3116237,05:30:00,20:30:00,600,0
3116238,05:30:00,20:30:00,600,0
3116239,05:30:00,20:30:00,600,0
3116240,06:00:00,20:30:00,600,0
3116242,06:00:00,20:30:00,600,0
3116243,06:10:00,20:30:00,420,0
3116244,06:10:00,20:30:00,420,0
3116245,06:00:00,20:30:00,600,0
3116246,06:00:00,20:30:00,600,0
3116247,06:30:00,20:00:00,1200,0
3116248,06:30:00,20:00:00,1200,0
3116249,05:00:00,24:00:00,120,0
3116250,05:00:00,24:00:00,120,0
3116251,09:00:00,19:00:00,600,0
3116252,09:00:00,19:00:00,600,0
3116253,06:00:00,20:30:00,360,0
3116254,06:00:00,20:30:00,360,0
3116255,06:00:00,22:00:00,300,0
3116256,06:00:00,22:00:00,300,0
3116257,06:00:00,22:00:00,300,0
3116258,06:00:00,22:00:00,300,0
3116259,06:00:00,22:00:00,300,0
3116260,06:00:00,22:00:00,300,0
3116261,06:50:00,21:45:00,540,0
3116262,06:50:00,21:45:00,540,0
3116263,05:25:00,24:00:00,600,0
3116265,05:25:00,24:00:00,600,0
3116266,05:25:00,24:00:00,600,0
3116267,05:25:00,24:00:00,600,0
3116268,05:25:00,24:00:00,600,0
3116269,05:25:00,24:00:00,600,0
3116270,05:25:00,24:00:00,600,0
3116271,06:00:00,23:00:00,300,0
3116272,06:00:00,23:00:00,300,0
3116273,06:10:00,23:00:00,480,0
3116274,06:10:00,23:00:00,480,0
3116275,06:00:00,23:00:00,360,0
3116189,06:10:00,23:45:00,360,0
3116200,06:00:00,20:00:00,1200,0
3116264,05:25:00,24:00:00,600,0
3116276,06:00:00,23:00:00,360,0
3117211,06:10:00,23:00:00,480,0
3117213,05:50:00,00:00:00,360,0
3117214,05:50:00,00:00:00,360,0
3117215,05:50:00,00:00:00,360,0
3117216,05:50:00,00:00:00,360,0
3117217,06:30:00,23:30:00,240,0
3117219,05:40:00,20:30:00,300,0
3117220,05:30:00,20:30:00,300,0
3121473,05:50:00,19:00:00,600,0
3121486,06:00:00,22:00:00,300,0
3121485,05:50:00,20:30:00,420,0
3121487,06:00:00,22:00:00,300,0
3121488,06:00:00,22:00:00,300,0
3121489,06:00:00,22:00:00,300,0
3121490,07:30:00,09:00:00,1800,0
3121490,09:00:00,10:00:00,3600,0
3121490,10:00:00,14:30:00,5400,0
3121490,14:30:00,16:30:00,3600,0
3121490,16:30:00,17:30:00,1800,0
3121490,17:30:00,18:30:00,3600,0
3121490,18:30:00,21:30:00,5400,0
3121491,08:00:00,10:00:00,3600,0
3121491,10:00:00,14:30:00,5400,0
3121491,14:30:00,16:30:00,7200,0
3121491,16:30:00,18:30:00,1200,0
3121491,18:30:00,21:30:00,5400,0
3121496,07:30:00,08:30:00,1200,0
3121496,08:30:00,16:30:00,1800,0
3121496,16:30:00,19:30:00,3600,0
3121497,07:30:00,08:30:00,3600,0
3121497,08:30:00,12:30:00,9000,0
3121497,12:30:00,14:00:00,5400,0
3121494,07:30:00,09:30:00,1800,0
3121494,09:30:00,10:30:00,3600,0
3121494,10:30:00,15:00:00,5400,0
3121494,15:00:00,17:00:00,7200,0
3121494,17:00:00,18:00:00,1800,0
3121494,18:00:00,19:00:00,3600,0
3121494,19:00:00,20:30:00,5400,0
3121495,07:30:00,10:30:00,3600,0
3121495,10:30:00,15:00:00,5400,0
3121495,15:00:00,17:00:00,7200,0
3121495,17:00:00,19:00:00,3600,0
3121495,19:00:00,20:30:00,5400,0
3121497,14:00:00,16:00:00,7200,0
3121497,16:00:00,18:30:00,5400,0
3121497,18:30:00,19:30:00,3600,0
3121498,08:00:00,08:40:00,1200,0
3121498,08:40:00,09:10:00,1800,0
3121498,09:10:00,09:30:00,1200,0
3121498,09:30:00,15:30:00,1800,0
3121498,15:30:00,16:10:00,2400,0
3121498,16:10:00,17:10:00,1800,0
3121498,17:10:00,18:00:00,3000,0
3121498,18:00:00,20:00:00,3600,0
3121499,08:00:00,09:10:00,4200,0
3121499,09:10:00,11:30:00,8400,0
3121499,11:30:00,14:30:00,5400,0
3121499,14:30:00,16:30:00,7200,0
3121499,16:30:00,19:00:00,9000,0
3121499,19:00:00,20:00:00,3600,0
3121500,10:15:00,19:15:00,1800,0
3121501,10:15:00,19:15:00,1800,0
3121502,10:45:00,19:45:00,1800,0
3121503,10:45:00,19:45:00,1800,0
3121504,08:00:00,10:00:00,7200,0
3121504,10:00:00,12:30:00,9000,0
3121504,12:30:00,16:30:00,14400,0
3121504,16:30:00,18:30:00,7200,0
3121505,08:00:00,10:00:00,7200,0
3121505,10:00:00,12:30:00,9000,0
3121505,12:30:00,18:30:00,21600,0
3121506,07:30:00,08:30:00,3600,0
3121506,08:30:00,10:30:00,7200,0
3117218,06:30:00,23:30:00,240,0
3116180,05:00:00,23:45:00,360,0
3116280,06:30:00,20:30:00,180,0
3116281,06:30:00,20:30:00,180,0
3116282,05:30:00,20:30:00,600,0
3116349,05:30:00,20:30:00,600,0
3116350,06:00:00,22:00:00,300,0
3116351,06:00:00,22:00:00,300,0
3116352,06:00:00,22:00:00,300,0
3116353,06:00:00,22:00:00,300,0
3116354,06:00:00,22:00:00,300,0
3116356,06:00:00,22:00:00,360,0
3116357,06:00:00,22:00:00,360,0
3116358,06:00:00,22:00:00,360,0
3116362,06:00:00,22:00:00,360,0
3116363,06:00:00,22:00:00,360,0
3116365,06:10:00,21:50:00,480,0
3116369,06:15:00,10:00:00,300,0
3116370,06:15:00,10:00:00,300,0
3121506,10:30:00,13:30:00,10800,0
3116374,05:50:00,20:30:00,420,0
3116376,06:00:00,20:30:00,900,0
3116377,06:00:00,20:30:00,900,0
3116379,06:00:00,20:30:00,900,0
3116382,05:30:00,20:30:00,600,0
3116383,05:30:00,20:30:00,600,0
3116384,05:30:00,20:30:00,600,0
3116385,05:30:00,20:30:00,600,0
3116355,06:00:00,22:00:00,300,0
3116359,06:00:00,22:00:00,360,0
3116366,06:10:00,21:50:00,480,0
3116369,10:00:00,16:00:00,600,0
3116370,10:00:00,16:00:00,600,0
3121474,05:50:00,19:00:00,600,0
3121478,06:00:00,22:00:00,300,0
3121479,06:00:00,22:00:00,300,0
3121480,06:00:00,22:00:00,300,0
3121481,06:00:00,22:00:00,300,0
3121506,13:30:00,17:00:00,12600,0
3121506,17:00:00,19:00:00,7200,0
3121507,08:30:00,10:30:00,7200,0
3121507,10:30:00,13:30:00,10800,0
3121507,13:30:00,17:00:00,12600,0
3121507,17:00:00,19:00:00,7200,0
3121508,07:30:00,13:00:00,19800,0
3121508,13:00:00,17:00:00,14400,0
3121509,08:00:00,14:00:00,21600,0
3116369,16:00:00,22:30:00,300,0
3116370,16:00:00,22:30:00,300,0
3116381,06:00:00,20:30:00,900,0
3117188,06:30:00,20:00:00,1200,0
3117189,06:30:00,20:00:00,1200,0
3117190,06:10:00,21:50:00,480,0
3117191,06:10:00,21:50:00,480,0
3117192,06:05:00,00:05:00,420,0
3117193,06:05:00,00:05:00,420,0
3117194,06:15:00,21:00:00,900,0
3117195,06:15:00,21:00:00,900,0
3117196,05:00:00,20:30:00,600,0
3117197,05:00:00,20:30:00,600,0
3117198,05:00:00,20:30:00,600,0
3117199,05:00:00,20:30:00,600,0
3117200,05:00:00,20:30:00,600,0
3117201,05:00:00,20:30:00,600,0
3117202,05:20:00,20:30:00,600,0
3117203,05:20:00,20:30:00,600,0
3121509,14:00:00,19:30:00,19800,0
3166451,06:50:00,22:00:00,600,0
3166455,07:00:00,20:00:00,1500,0
3117210,06:10:00,23:00:00,480,0
3120210,05:40:00,20:30:00,300,0
3120211,05:40:00,20:30:00,300,0
3120212,05:30:00,23:30:00,300,0
3120213,05:30:00,23:30:00,300,0
3120214,05:30:00,23:30:00,300,0
3120216,07:00:00,19:00:00,600,0
3120217,07:00:00,19:00:00,600,0
3120218,06:00:00,22:00:00,600,0
3121521,06:45:00,09:00:00,8100,0
3121521,09:00:00,10:00:00,3600,0
3121521,10:00:00,12:30:00,9000,0
3121521,12:30:00,14:00:00,5400,0
3121521,14:00:00,16:30:00,9000,0
3121521,16:30:00,17:30:00,3600,0
3121521,17:30:00,21:30:00,7200,0
3121522,06:45:00,09:00:00,8100,0
3121522,09:00:00,10:00:00,3600,0
3121522,10:00:00,14:00:00,14400,0
3121522,14:00:00,16:30:00,9000,0
3121522,16:30:00,17:30:00,3600,0
3121522,17:30:00,21:30:00,7200,0
3121525,07:45:00,13:15:00,21600,0
3121525,13:15:00,18:15:00,18000,0
3121526,07:45:00,18:45:00,39600,0
3120215,05:30:00,23:30:00,300,0
3120219,06:00:00,22:00:00,600,0
3121510,07:00:00,14:30:00,27000,0
3121511,07:30:00,14:30:00,25200,0
3121512,08:00:00,15:00:00,25200,0
3121513,08:00:00,12:00:00,14400,0
3121513,12:30:00,17:30:00,18000,0
3121514,08:30:00,12:30:00,14400,0
3121514,12:30:00,17:30:00,18000,0
3121515,06:30:00,12:15:00,20700,0
3121515,12:15:00,18:00:00,20700,0
3121516,06:30:00,18:00:00,41400,0
3121517,07:30:00,13:30:00,21600,0
3121517,13:30:00,19:00:00,19800,0
3121518,07:30:00,19:00:00,41400,0
3121538,07:00:00,15:30:00,30600,0
3121539,08:30:00,17:00:00,30600,0
3121541,06:00:00,20:30:00,1800,0
3121543,07:00:00,21:30:00,1800,0
3121544,06:30:00,08:30:00,3600,0
3121544,08:30:00,10:00:00,5400,0
3121544,10:00:00,14:00:00,7200,0
3121544,14:00:00,16:30:00,9000,0
3121544,16:30:00,18:30:00,3600,0
3121546,07:30:00,09:30:00,3600,0
3121546,09:30:00,11:00:00,5400,0
3121546,11:00:00,15:00:00,7200,0
3121546,15:00:00,17:30:00,9000,0
3121546,17:30:00,19:30:00,3600,0
3121547,05:50:00,20:30:00,420,0
3121548,05:50:00,20:30:00,420,0
3121549,05:30:00,06:30:00,240,0
3121291,07:00:00,19:00:00,600,0
3121292,07:00:00,19:00:00,600,0
3121297,05:50:00,20:00:00,540,0
3121300,05:50:00,20:00:00,540,0
3121303,06:00:00,22:00:00,300,0
3121304,06:00:00,22:00:00,300,0
3121305,06:00:00,22:00:00,360,0
3121306,06:00:00,22:00:00,360,0
3121307,06:00:00,22:00:00,300,0
3121308,06:00:00,22:00:00,300,0
3121309,05:00:00,22:00:00,240,0
3121310,05:00:00,22:00:00,240,0
3121311,05:00:00,22:00:00,180,0
3121312,05:00:00,22:00:00,180,0
3121313,05:00:00,23:00:00,180,0
3121314,05:00:00,23:00:00,180,0
3121315,05:00:00,23:00:00,180,0
3121317,05:00:00,23:00:00,180,0
3121318,05:00:00,23:00:00,180,0
3121319,05:00:00,23:00:00,180,0
3121320,05:00:00,23:00:00,180,0
3121321,05:00:00,23:00:00,180,0
3121322,05:00:00,23:00:00,180,0
3121323,05:00:00,23:00:00,180,0
3121324,05:00:00,23:00:00,180,0
3121326,05:00:00,23:00:00,180,0
3121328,05:00:00,23:00:00,180,0
3121329,05:00:00,23:00:00,180,0
3121330,06:00:00,22:00:00,360,0
3121331,06:00:00,22:00:00,360,0
3121332,06:00:00,22:00:00,300,0
3121333,06:00:00,22:00:00,300,0
3121334,09:00:00,19:00:00,420,0
3121335,09:00:00,19:00:00,420,0
3121336,09:00:00,19:00:00,420,0
3121337,09:00:00,19:00:00,420,0
3121338,09:00:00,19:00:00,420,0
3121339,09:00:00,19:00:00,420,0
3121340,09:00:00,19:00:00,420,0
3121341,09:00:00,19:00:00,420,0
3121342,09:00:00,19:00:00,420,0
3121343,09:00:00,19:00:00,420,0
3121344,06:00:00,22:00:00,300,0
3121345,06:00:00,22:00:00,300,0
3121346,06:00:00,22:00:00,300,0
3121347,06:00:00,22:00:00,300,0
3121349,06:00:00,22:00:00,300,0
3121350,06:00:00,22:00:00,300,0
3121375,06:00:00,22:00:00,300,0
3121376,06:00:00,22:00:00,300,0
3121377,06:00:00,22:00:00,300,0
3121408,06:00:00,22:00:00,300,0
3121409,06:00:00,22:00:00,300,0
3121410,06:00:00,22:00:00,300,0
3121411,06:25:00,23:00:00,600,0
3121412,06:25:00,23:00:00,600,0
3121413,05:50:00,23:00:00,600,0
3121414,05:50:00,23:00:00,600,0
3121415,06:00:00,23:00:00,480,0
3121416,06:00:00,23:00:00,480,0
3121464,06:00:00,23:00:00,600,0
3121465,06:00:00,23:00:00,600,0
3121467,06:25:00,23:00:00,480,0
3121468,06:25:00,23:00:00,480,0
3121549,06:30:00,08:30:00,180,0
3121295,07:00:00,18:00:00,540,0
3121549,08:30:00,01:00:00,240,0
3121296,07:00:00,18:00:00,540,0
3121550,07:30:00,23:00:00,240,0
3121551,05:30:00,06:30:00,240,0
3121551,06:30:00,08:30:00,180,0
3121551,08:30:00,01:00:00,240,0
3121552,07:30:00,23:00:00,240,0
3121553,05:40:00,07:00:00,180,0
3121553,07:00:00,09:00:00,360,0
3121553,09:00:00,17:00:00,600,0
3121553,17:00:00,00:00:00,600,0
3121554,05:50:00,07:00:00,600,0
3121554,07:00:00,23:30:00,600,0
3121558,05:40:00,07:00:00,180,0
3121558,07:00:00,09:00:00,360,0
3121558,09:00:00,17:00:00,600,0
3121558,17:00:00,00:00:00,600,0
3121559,05:50:00,07:00:00,600,0
3121559,07:00:00,23:30:00,600,0
3121560,05:55:00,07:05:00,420,0
3121560,07:05:00,09:00:00,360,0
941936,05:55:00,10:00:00,600,0
3121560,09:00:00,23:00:00,600,0
3121561,05:50:00,12:00:00,600,0
3121561,12:00:00,12:50:00,600,0
3121561,12:50:00,23:30:00,600,0
3121562,05:55:00,07:05:00,420,0
3121562,07:05:00,09:00:00,360,0
941938,05:05:00,10:00:00,600,0
3121562,09:00:00,23:00:00,600,0
941938,10:00:00,25:00:00,300,0
3166452,06:50:00,22:00:00,600,0
941661,05:30:00,10:00:00,360,0
941679,06:20:00,23:00:00,240,0
941692,06:10:00,10:00:00,300,0
941741,05:35:00,10:00:00,480,0
941750,05:35:00,23:30:00,180,0
941756,06:00:00,22:00:00,600,0
3121563,05:50:00,12:00:00,600,0
941661,10:00:00,16:00:00,420,0
941680,06:00:00,23:15:00,240,0
941692,10:00:00,22:30:00,420,0
941741,10:00:00,16:00:00,600,0
941665,05:50:00,24:00:00,240,0
941661,16:00:00,22:00:00,360,0
941667,05:45:00,23:55:00,240,0
3121563,12:00:00,12:50:00,600,0
941681,06:30:00,16:00:00,420,0
941693,06:20:00,10:00:00,300,0
941741,16:00:00,23:00:00,480,0
941759,06:10:00,22:00:00,420,0
941668,05:45:00,23:55:00,240,0
941682,07:10:00,16:00:00,420,0
941693,10:00:00,22:30:00,420,0
941742,05:35:00,10:00:00,480,0
941760,06:50:00,23:15:00,420,0
3121563,12:50:00,23:30:00,600,0
941682,16:00:00,21:20:00,600,0
941694,06:10:00,22:00:00,420,0
941742,10:00:00,16:00:00,600,0
941753,06:15:00,20:45:00,420,0
3121564,05:30:00,06:30:00,240,0
941681,16:00:00,22:00:00,600,0
941695,06:20:00,22:30:00,420,0
941742,16:00:00,23:00:00,480,0
941683,05:30:00,10:00:00,240,0
941696,05:40:00,10:00:00,300,0
941743,05:40:00,10:00:00,480,0
941762,06:55:00,22:30:00,420,0
941791,06:15:00,22:30:00,420,0
941831,07:15:00,10:00:00,600,0
941858,06:10:00,10:00:00,600,0
3121564,06:30:00,08:30:00,180,0
941683,10:00:00,23:00:00,300,0
941696,10:00:00,23:00:00,420,0
941743,10:00:00,16:00:00,600,0
941763,06:10:00,20:30:00,420,0
941792,05:40:00,20:00:00,420,0
941831,10:00:00,16:00:00,420,0
941858,10:00:00,23:50:00,300,0
941687,06:10:00,10:00:00,480,0
941697,05:53:00,10:00:00,300,0
941743,16:00:00,23:00:00,480,0
3121564,08:30:00,01:00:00,240,0
941831,16:00:00,22:15:00,600,0
941859,05:20:00,10:00:00,600,0
941868,10:00:00,20:30:00,420,0
941697,10:00:00,23:00:00,420,0
941744,05:40:00,10:00:00,480,0
941765,06:20:00,23:15:00,420,0
941794,05:45:00,23:00:00,300,0
3166542,05:25:00,06:30:00,600,0
941833,07:30:00,10:00:00,660,0
941859,10:00:00,22:30:00,300,0
941793,06:15:00,24:00:00,300,0
941764,06:40:00,24:15:00,420,0
3121566,07:30:00,23:00:00,240,0
3166543,05:25:00,06:30:00,600,0
941688,06:15:00,23:57:00,420,0
941698,05:45:00,10:00:00,300,0
941744,10:00:00,16:00:00,600,0
3166542,06:30:00,23:30:00,480,0
941833,10:00:00,16:00:00,480,0
941860,06:15:00,10:00:00,300,0
941869,10:00:00,20:30:00,420,0
3121565,07:30:00,23:00:00,240,0
941689,05:30:00,23:10:00,420,0
941698,10:00:00,23:00:00,420,0
941744,16:00:00,23:00:00,480,0
941766,06:20:00,10:00:00,480,0
3166543,06:30:00,23:30:00,480,0
941833,16:00:00,21:30:00,600,0
941860,10:00:00,16:00:00,360,0
3121567,05:30:00,06:30:00,240,0
941690,05:00:00,10:00:00,300,0
3121567,06:30:00,08:30:00,180,0
941699,06:30:00,10:00:00,300,0
941745,06:10:00,10:00:00,600,0
941766,10:00:00,16:00:00,900,0
941797,05:30:00,10:00:00,420,0
941861,05:15:00,10:00:00,300,0
3166545,05:45:00,06:00:00,600,0
941891,06:00:00,10:00:00,240,0
941699,10:00:00,23:00:00,420,0
941745,10:00:00,16:00:00,800,0
941797,10:00:00,16:00:00,300,0
941825,05:45:00,10:00:00,420,0
941838,07:00:00,20:00:00,240,0
941861,16:00:00,22:00:00,300,0
941891,10:00:00,16:00:00,420,0
3166549,16:00:00,22:00:00,600,0
941766,16:00:00,24:15:00,900,0
3121567,08:30:00,01:00:00,240,0
941691,05:00:00,10:00:00,300,0
941700,06:25:00,10:00:00,720,0
941745,16:00:00,22:00:00,600,0
941769,06:00:00,22:00:00,600,0
941799,05:30:00,10:00:00,420,0
941825,10:00:00,16:00:00,600,0
3166560,07:00:00,20:30:00,900,0
941860,16:00:00,21:00:00,360,0
941873,05:30:00,20:50:00,480,0
941891,16:30:00,20:30:00,300,0
941951,10:00:00,16:00:00,300,0
941691,10:00:00,23:00:00,420,0
941700,10:00:00,20:00:00,900,0
941746,06:10:00,10:00:00,600,0
941768,05:45:00,10:00:00,480,0
941799,10:00:00,16:00:00,300,0
941825,16:00:00,23:00:00,600,0
3166561,07:00:00,20:30:00,900,0
941861,10:00:00,16:00:00,420,0
941872,06:20:00,20:50:00,480,0
3121568,06:00:00,00:00:00,900,0
941951,16:00:00,20:00:00,420,0
941701,07:00:00,10:00:00,600,0
941746,10:00:00,16:00:00,800,0
941768,10:00:00,16:00:00,900,0
941799,16:00:00,23:00:00,420,0
941862,06:15:00,21:00:00,340,0
3166562,07:00:00,22:00:00,900,0
941701,10:00:00,20:40:00,900,0
941746,16:00:00,22:00:00,600,0
941768,16:00:00,22:45:00,900,0
941797,16:00:00,23:00:00,420,0
941827,06:15:00,10:00:00,720,0
941863,05:15:00,10:00:00,300,0
941893,05:40:00,10:00:00,240,0
941707,05:45:00,10:00:00,360,0
941770,05:20:00,10:00:00,180,0
941801,07:30:00,20:00:00,1800,0
941827,10:00:00,16:00:00,900,0
3121569,05:50:00,12:00:00,600,0
941863,10:00:00,16:00:00,420,0
941707,10:00:00,16:00:00,420,0
941770,10:00:00,16:00:00,240,0
941827,16:00:00,20:00:00,900,0
941863,16:00:00,22:00:00,300,0
941893,10:00:00,16:00:00,360,0
941707,16:00:00,23:10:00,480,0
941893,16:00:00,23:00:00,300,0
941749,06:20:00,22:30:00,180,0
941771,05:00:00,10:00:00,180,0
941709,10:00:00,16:00:00,180,0
941771,10:00:00,16:00:00,240,0
941805,06:53:00,21:00:00,600,0
3121569,12:00:00,12:50:00,600,0
941842,05:30:00,10:00:00,600,0
941898,05:25:00,10:00:00,720,0
941842,10:00:00,23:30:00,360,0
941898,10:00:00,16:00:00,900,0
942011,09:15:00,17:15:00,900,0
941713,06:30:00,10:00:00,1020,0
941772,06:30:00,19:00:00,600,0
941843,05:30:00,10:00:00,600,0
941713,10:00:00,20:00:00,1200,0
941773,06:20:00,21:30:00,300,0
941771,16:00:00,24:00:00,240,0
941770,16:00:00,24:20:00,240,0
941709,16:00:00,24:30:00,120,0
941843,10:00:00,23:30:00,360,0
941901,06:00:00,10:00:00,240,0
941714,07:10:00,10:00:00,1020,0
941774,06:30:00,19:00:00,600,0
941806,06:40:00,19:00:00,1200,0
941830,05:20:00,10:00:00,300,0
941844,06:07:00,16:00:00,300,0
941898,16:00:00,20:00:00,900,0
941714,10:00:00,20:15:00,1200,0
941775,06:00:00,10:00:00,300,0
941807,06:53:00,23:00:00,600,0
941830,10:00:00,16:00:00,420,0
941844,16:00:00,22:15:00,400,0
941883,05:25:00,10:00:00,420,0
941901,10:00:00,16:00:00,420,0
941716,05:40:00,10:00:00,120,0
941775,10:00:00,16:00:00,600,0
941830,16:00:00,23:00:00,480,0
941883,10:00:00,21:00:00,600,0
941901,16:00:00,20:30:00,300,0
941775,16:00:00,21:00:00,300,0
941887,06:25:00,10:00:00,420,0
3166544,05:45:00,06:00:00,600,0
941717,04:55:00,10:00:00,300,0
941887,10:00:00,22:00:00,600,0
3166545,06:00:00,23:00:00,480,0
941717,10:00:00,22:30:00,420,0
941777,05:40:00,10:00:00,600,0
941809,06:10:00,22:30:00,360,0
941846,06:07:00,22:15:00,300,0
941902,06:00:00,10:00:00,240,0
3166550,06:00:00,22:00:00,600,0
941719,05:30:00,10:00:00,240,0
941810,06:20:00,10:00:00,420,0
941902,10:00:00,16:00:00,420,0
3166552,09:00:00,22:30:00,360,0
941719,10:00:00,16:00:00,360,0
941777,16:00:00,22:30:00,600,0
941810,10:00:00,16:00:00,600,0
941849,06:00:00,22:30:00,360,0
941719,16:00:00,23:00:00,300,0
941777,10:00:00,16:00:00,900,0
941851,06:00:00,22:30:00,360,0
941902,16:00:00,20:30:00,300,0
3166554,06:00:00,22:30:00,480,0
941903,06:00:00,10:00:00,480,0
3166544,06:00:00,23:00:00,480,0
3121569,12:50:00,23:30:00,600,0
941780,05:40:00,10:00:00,600,0
941812,10:00:00,16:00:00,300,0
941903,10:00:00,16:00:00,900,0
3166453,07:00:00,20:00:00,1500,0
941780,10:00:00,16:00:00,900,0
941812,16:00:00,20:00:00,420,0
941903,16:00:00,20:40:00,900,0
3166456,07:00:00,20:00:00,1500,0
941813,06:50:00,24:00:00,360,0
941716,10:00:00,24:45:00,180,0
941780,16:00:00,23:20:00,600,0
941810,16:00:00,21:00:00,420,0
3166546,05:45:00,08:00:00,480,0
3166459,06:45:00,22:00:00,720,0
3166464,07:00:00,20:30:00,1500,0
3166551,06:00:00,22:00:00,900,0
941816,06:20:00,10:00:00,420,0
941720,05:30:00,10:00:00,240,0
941782,06:05:00,10:00:00,600,0
941816,10:00:00,16:00:00,600,0
941909,05:30:00,10:00:00,180,0
941720,10:00:00,16:00:00,360,0
941782,10:00:00,16:00:00,900,0
941909,10:00:00,23:00:00,300,0
941720,16:00:00,23:00:00,300,0
941782,16:00:00,20:20:00,900,0
941911,05:30:00,10:00:00,180,0
941911,10:00:00,23:00:00,300,0
941724,06:00:00,10:00:00,240,0
941784,06:45:00,10:00:00,600,0
941724,10:00:00,16:00:00,360,0
941784,10:00:00,16:00:00,900,0
941912,05:25:00,20:00:00,840,0
941724,16:00:00,23:00:00,300,0
941784,16:00:00,20:20:00,900,0
941725,06:00:00,10:00:00,240,0
941725,10:00:00,16:00:00,360,0
941913,06:00:00,20:40:00,760,0
941725,16:00:00,23:00:00,300,0
941726,06:00:00,10:00:00,240,0
941915,06:00:00,10:00:00,300,0
941726,10:00:00,16:00:00,360,0
941915,10:00:00,16:00:00,480,0
941726,16:00:00,21:30:00,300,0
3166553,05:30:00,05:50:00,600,0
941727,06:00:00,10:00:00,240,0
941915,16:00:00,20:30:00,300,0
941817,06:50:00,24:00:00,360,0
941727,10:00:00,16:00:00,360,0
941727,16:00:00,21:30:00,300,0
941916,06:00:00,10:00:00,300,0
941728,05:30:00,10:00:00,180,0
941916,10:00:00,16:00:00,480,0
941728,10:00:00,23:00:00,300,0
941916,16:00:00,20:30:00,300,0
941729,05:30:00,10:00:00,180,0
941729,10:00:00,23:00:00,300,0
941730,05:30:00,10:00:00,180,0
941730,10:00:00,23:00:00,300,0
941731,05:30:00,10:00:00,180,0
3121572,05:55:00,07:05:00,420,0
941731,10:00:00,23:00:00,300,0
941733,07:00:00,10:00:00,450,0
941733,10:00:00,16:00:00,480,0
941984,05:45:00,10:00:00,240,0
941733,16:00:00,22:45:00,600,0
941984,10:00:00,16:00:00,120,0
3121572,07:05:00,09:00:00,360,0
941735,06:30:00,10:00:00,450,0
941984,16:00:00,23:05:00,240,0
3121572,09:00:00,23:00:00,600,0
941735,10:00:00,16:00:00,480,0
941985,05:45:00,23:05:00,200,0
941735,16:00:00,22:00:00,600,0
941738,05:20:00,10:00:00,360,0
3121573,05:50:00,23:30:00,600,0
941738,10:00:00,16:00:00,420,0
941738,16:00:00,22:00:00,360,0
3121574,05:55:00,07:05:00,420,0
941740,05:20:00,10:00:00,360,0
942039,05:40:00,22:30:00,180,0
941740,10:00:00,16:00:00,420,0
942040,05:40:00,22:30:00,180,0
941740,16:00:00,22:00:00,360,0
941927,06:05:00,21:00:00,300,0
941929,06:05:00,21:00:00,300,0
3121574,07:05:00,09:00:00,360,0
3121574,09:00:00,23:00:00,600,0
3121575,05:50:00,23:30:00,600,0
3121576,06:00:00,22:30:00,600,0
942041,05:40:00,20:00:00,480,0
942043,05:40:00,20:00:00,480,0
942045,06:30:00,21:00:00,480,0
942046,06:30:00,21:00:00,480,0
942048,06:25:00,23:00:00,600,0
942049,06:25:00,23:00:00,600,0
942051,06:25:00,23:00:00,600,0
942052,06:25:00,23:00:00,600,0
942059,06:20:00,19:00:00,480,0
942060,06:20:00,19:00:00,480,0
942061,05:00:00,23:30:00,300,0
942063,05:00:00,23:30:00,300,0
3166546,08:00:00,16:00:00,600,0
942066,05:30:00,23:00:00,340,0
3166527,09:00:00,22:30:00,480,0
3166528,09:00:00,22:30:00,480,0
3166529,09:00:00,22:30:00,480,0
942062,06:05:00,10:00:00,1200,0
942062,10:00:00,16:00:00,1500,0
3166530,06:48:00,09:00:00,240,0
942069,06:00:00,23:45:00,300,0
942062,16:00:00,20:20:00,1800,0
942071,06:05:00,20:20:00,1500,0
942070,05:30:00,23:00:00,280,0
3166531,08:30:00,20:30:00,120,0
3166532,08:30:00,20:30:00,120,0
3166534,05:30:00,20:30:00,120,0
942075,06:05:00,10:00:00,1200,0
942075,10:00:00,16:00:00,1500,0
942075,16:00:00,20:20:00,1800,0
942078,05:00:00,23:00:00,380,0
942077,06:05:00,20:20:00,1500,0
942081,06:10:00,22:30:00,380,0
942082,06:20:00,22:30:00,380,0
942083,17:00:00,19:00:00,1500,0
942085,05:40:00,23:00:00,380,0
942086,17:00:00,19:00:00,1500,0
942087,05:53:00,23:00:00,380,0
942088,05:45:00,23:00:00,380,0
942090,06:30:00,23:00:00,380,0
942074,06:10:00,24:00:00,560,0
942099,06:25:00,20:00:00,840,0
942100,07:00:00,20:40:00,800,0
942101,05:45:00,23:10:00,420,0
941709,06:25:00,10:00:00,120,0
942105,05:25:00,21:00:00,540,0
3166535,05:30:00,20:30:00,120,0
3121577,06:00:00,22:30:00,600,0
942110,06:25:00,22:00:00,540,0
942111,06:30:00,20:00:00,1140,0
942112,07:10:00,20:15:00,1140,0
942123,04:55:00,22:30:00,380,0
942125,07:00:00,10:00:00,480,0
942125,10:00:00,16:00:00,480,0
942125,16:00:00,21:00:00,480,0
942129,07:00:00,21:00:00,480,0
942130,06:05:00,10:00:00,480,0
942130,10:00:00,16:00:00,480,0
942130,16:00:00,20:00:00,480,0
942133,06:30:00,22:00:00,480,0
942135,07:10:00,21:20:00,480,0
941869,07:00:00,10:00:00,600,0
942140,07:00:00,20:30:00,600,0
942138,06:30:00,10:00:00,420,0
942138,10:00:00,16:00:00,900,0
942137,07:00:00,20:30:00,600,0
941868,07:00:00,10:00:00,600,0
942138,16:00:00,23:30:00,600,0
942141,06:30:00,23:30:00,640,0
942142,06:30:00,10:00:00,420,0
942142,10:00:00,16:00:00,900,0
942142,16:00:00,23:30:00,600,0
942145,06:30:00,23:30:00,640,0
942146,05:50:00,23:30:00,440,0
942147,05:50:00,23:30:00,440,0
942148,05:15:00,22:00:00,340,0
942149,05:15:00,22:00:00,340,0
942150,07:15:00,22:15:00,470,0
942151,07:30:00,21:30:00,580,0
942152,06:10:00,23:50:00,400,0
942153,05:20:00,22:30:00,400,0
942157,05:30:00,23:00:00,380,0
942158,05:30:00,23:00:00,380,0
941812,06:20:00,10:00:00,420,0
942159,06:20:00,20:00:00,380,0
942160,06:20:00,20:00:00,380,0
941951,06:20:00,10:00:00,420,0
942163,06:10:00,22:00:00,660,0
942164,06:10:00,22:00:00,660,0
942165,05:40:00,23:00:00,520,0
942167,05:40:00,23:00:00,520,0
942168,06:05:00,10:00:00,780,0
942168,10:00:00,16:00:00,360,0
942168,16:00:00,23:05:00,360,0
942170,05:35:00,23:00:00,520,0
942171,06:05:00,23:05:00,500,0
942172,05:35:00,23:00:00,520,0
942174,05:20:00,22:00:00,380,0
3166518,05:40:00,06:00:00,600,0
3166518,09:00:00,19:00:00,420,0
3166519,06:30:00,08:30:00,300,0
942175,05:20:00,22:00:00,380,0
942076,05:00:00,24:00:00,380,0
942154,05:55:00,24:00:00,400,0
942104,06:25:00,24:30:00,140,0
942117,05:40:00,24:45:00,160,0
942155,05:05:00,25:00:00,400,0
942177,07:00:00,22:45:00,510,0
3166522,05:00:00,05:30:00,900,0
942178,06:30:00,22:00:00,510,0
942191,06:00:00,21:30:00,300,0
942192,06:00:00,21:30:00,300,0
942193,06:00:00,23:00:00,300,0
942194,06:00:00,23:00:00,300,0
942195,05:30:00,09:00:00,300,0
942196,05:30:00,09:00:00,300,0
942197,05:30:00,23:00:00,260,0
942198,05:30:00,23:00:00,260,0
942199,05:30:00,23:00:00,260,0
942200,05:30:00,23:00:00,260,0
942201,06:00:00,20:30:00,320,0
942202,06:00:00,20:30:00,320,0
942203,05:30:00,23:00:00,260,0
942205,05:30:00,23:00:00,260,0
942207,06:00:00,20:30:00,320,0
942208,05:40:00,23:00:00,300,0
942210,06:00:00,20:30:00,360,0
942211,06:00:00,20:30:00,360,0
942214,06:25:00,10:00:00,720,0
942214,10:00:00,20:00:00,900,0
942215,06:25:00,20:00:00,840,0
942216,07:05:00,10:00:00,600,0
942217,07:05:00,20:30:00,800,0
942216,10:00:00,20:30:00,900,0
942226,06:30:00,20:30:00,600,0
942228,07:00:00,21:30:00,600,0
942239,05:05:00,24:00:00,400,0
942246,05:05:00,24:00:00,400,0
3166546,16:00:00,22:00:00,600,0
3166552,05:30:00,05:50:00,600,0
3166553,05:50:00,06:12:00,420,0
3166555,06:00:00,22:30:00,480,0
3166494,06:00:00,07:00:00,600,0
3166494,17:00:00,21:45:00,600,0
942258,05:50:00,23:00:00,420,0
942259,05:50:00,23:00:00,420,0
942264,05:30:00,24:00:00,480,0
942266,06:00:00,10:00:00,300,0
942266,10:00:00,16:00:00,480,0
942266,16:00:00,23:00:00,600,0
942268,06:00:00,23:00:00,460,0
942269,05:30:00,24:00:00,480,0
942271,06:00:00,23:00:00,360,0
942272,06:00:00,23:00:00,360,0
942275,06:20:00,21:00:00,440,0
942280,06:20:00,21:00:00,440,0
942281,05:40:00,23:00:00,420,0
942282,05:40:00,23:00:00,420,0
942283,05:40:00,23:30:00,600,0
942284,05:40:00,23:30:00,600,0
942285,07:00:00,20:15:00,600,0
942286,07:00:00,20:15:00,600,0
942287,06:30:00,20:00:00,900,0
942288,06:30:00,20:00:00,900,0
3166495,08:30:00,17:00:00,720,0
3166496,07:00:00,08:30:00,480,0
3166496,20:30:00,23:30:00,720,0
3166497,08:30:00,17:00:00,720,0
942293,06:35:00,19:30:00,600,0
942294,06:35:00,19:30:00,600,0
942296,06:35:00,19:30:00,600,0
942297,06:35:00,19:30:00,600,0
942298,04:20:00,10:00:00,120,0
942298,10:00:00,16:00:00,240,0
942298,16:00:00,23:30:00,300,0
942299,04:20:00,23:30:00,220,0
942305,06:30:00,20:30:00,340,0
942307,06:30:00,20:30:00,340,0
942308,06:00:00,10:00:00,300,0
942308,10:00:00,16:00:00,480,0
942308,16:00:00,23:00:00,600,0
942263,05:45:00,24:00:00,600,0
942310,06:00:00,23:00:00,360,0
942311,06:00:00,23:00:00,360,0
3166454,07:00:00,20:00:00,1500,0
3166457,07:00:00,20:00:00,1500,0
942321,06:45:00,22:20:00,1200,0
942322,06:45:00,23:20:00,1200,0
942323,05:40:00,10:00:00,360,0
942323,10:00:00,16:00:00,420,0
942323,16:00:00,23:00:00,480,0
942324,05:40:00,23:00:00,420,0
942325,07:05:00,10:00:00,420,0
942325,10:00:00,16:00:00,900,0
942325,16:00:00,20:00:00,900,0
942326,07:05:00,20:00:00,740,0
942327,06:00:00,10:00:00,300,0
942327,10:00:00,16:00:00,420,0
942345,05:39:00,20:30:00,480,0
942347,05:39:00,20:30:00,480,0
942348,06:20:00,22:30:00,180,0
942349,05:50:00,10:00:00,480,0
942349,10:00:00,16:00:00,420,0
942349,16:00:00,23:00:00,420,0
942351,05:30:00,24:00:00,480,0
942352,05:50:00,23:00:00,440,0
942357,05:30:00,24:00:00,480,0
942368,05:30:00,23:00:00,380,0
942366,05:35:00,10:00:00,420,0
942366,10:00:00,16:00:00,600,0
942366,16:00:00,23:00:00,420,0
942370,06:25:00,10:00:00,300,0
942370,10:00:00,16:00:00,300,0
942370,16:00:00,23:59:00,600,0
942371,05:35:00,23:00:00,480,0
942372,05:25:00,10:00:00,300,0
942372,10:00:00,16:00:00,420,0
942372,16:00:00,23:59:00,300,0
942373,05:30:00,23:00:00,380,0
3166498,06:10:00,07:00:00,600,0
3166498,08:30:00,17:00:00,600,0
3166498,20:30:00,23:00:00,720,0
3166499,07:00:00,08:30:00,600,0
3166499,17:00:00,20:30:00,600,0
3166499,20:30:00,23:00:00,900,0
3166500,06:15:00,09:00:00,240,0
3166500,09:00:00,17:00:00,300,0
3166500,17:00:00,21:00:00,300,0
942379,05:40:00,10:00:00,300,0
942379,10:00:00,16:00:00,420,0
942379,16:00:00,22:00:00,300,0
942381,05:40:00,22:00:00,340,0
942382,05:40:00,10:00:00,300,0
942382,10:00:00,16:00:00,420,0
942382,16:00:00,22:00:00,300,0
942383,05:40:00,22:00:00,340,0
3166547,06:00:00,22:00:00,600,0
3166552,05:50:00,06:12:00,420,0
3166553,06:12:00,07:00:00,360,0
942396,09:00:00,18:30:00,4800,0
942399,06:45:00,22:00:00,420,0
942400,08:00:00,17:30:00,4800,0
942402,05:35:00,23:30:00,180,0
942404,05:50:00,10:00:00,360,0
942404,10:00:00,16:00:00,300,0
942404,16:00:00,23:00:00,300,0
942406,05:50:00,23:00:00,320,0
942416,06:14:00,22:00:00,600,0
942417,06:14:00,22:00:00,600,0
942327,16:00:00,24:15:00,420,0
942328,06:00:00,24:15:00,340,0
942418,05:50:00,10:00:00,360,0
942418,10:00:00,16:00:00,300,0
942418,16:00:00,23:00:00,300,0
942419,05:50:00,23:00:00,320,0
942420,06:00:00,10:00:00,360,0
942420,10:00:00,16:00:00,600,0
942420,16:00:00,23:00:00,600,0
942421,06:00:00,23:00:00,520,0
942422,06:00:00,23:00:00,360,0
942423,06:00:00,23:00:00,520,0
942490,06:50:00,21:00:00,360,0
942491,06:50:00,21:00:00,360,0
942492,06:30:00,21:00:00,360,0
942493,06:30:00,21:00:00,360,0
942488,06:30:00,10:00:00,300,0
942488,10:00:00,16:00:00,360,0
942488,16:00:00,23:30:00,300,0
942494,06:30:00,23:30:00,300,0
942496,05:45:00,10:00:00,300,0
942496,10:00:00,16:00:00,360,0
942496,16:00:00,24:00:00,300,0
942498,05:45:00,24:00:00,320,0
3166481,05:00:00,05:30:00,600,0
3166481,07:00:00,08:30:00,120,0
3166527,05:45:00,06:05:00,600,0
3166528,05:45:00,06:05:00,600,0
3166529,05:10:00,05:54:00,480,0
3166530,05:10:00,05:54:00,480,0
3166485,05:30:00,06:00:00,300,0
942507,07:20:00,20:00:00,900,0
942508,07:20:00,20:00:00,900,0
942509,07:00:00,19:00:00,420,0
942510,07:00:00,19:00:00,420,0
942511,06:30:00,19:30:00,1200,0
3166530,09:00:00,22:30:00,480,0
3166531,20:30:00,23:00:00,240,0
942512,07:20:00,20:00:00,900,0
3166485,08:30:00,17:00:00,300,0
3166486,06:00:00,07:00:00,240,0
3166486,17:00:00,23:00:00,300,0
3166487,06:00:00,07:00:00,300,0
3166527,06:05:00,06:13:00,480,0
3166528,06:05:00,06:13:00,480,0
942536,05:30:00,10:00:00,120,0
942536,10:00:00,16:00:00,300,0
942605,07:15:00,10:00:00,21600,0
942605,10:00:00,16:00:00,14400,0
942605,16:00:00,19:15:00,7200,0
942606,07:15:00,19:15:00,14400,0
942607,06:45:00,10:00:00,21600,0
942607,10:00:00,16:00:00,14400,0
942607,16:00:00,19:30:00,7200,0
942608,06:45:00,19:30:00,14400,0
942609,05:00:00,10:00:00,180,0
942609,10:00:00,16:00:00,300,0
942611,05:00:00,10:00:00,180,0
942611,10:00:00,16:00:00,300,0
942685,06:35:00,10:00:00,180,0
942685,10:00:00,16:00:00,120,0
942689,07:00:00,15:00:00,60,0
3166529,05:54:00,06:48:00,360,0
942609,16:00:00,24:30:00,300,0
942610,05:00:00,24:30:00,260,0
942611,16:00:00,24:30:00,300,0
942612,05:00:00,24:30:00,260,0
942719,06:00:00,10:00:00,300,0
942719,10:00:00,16:00:00,360,0
942719,16:00:00,22:15:00,420,0
942720,06:00:00,22:15:00,360,0
942721,06:34:00,10:00:00,300,0
942721,10:00:00,16:00:00,360,0
942721,16:00:00,23:00:00,420,0
942722,06:34:00,23:00:00,360,0
942725,06:15:00,20:00:00,840,0
942726,05:20:00,23:00:00,400,0
942727,06:40:00,10:00:00,600,0
942727,10:00:00,16:00:00,600,0
942727,16:00:00,20:40:00,600,0
942728,06:40:00,20:40:00,600,0
942729,07:26:00,10:00:00,600,0
942729,10:00:00,16:00:00,600,0
942729,16:00:00,21:36:00,600,0
942730,07:26:00,21:36:00,600,0
942731,05:20:00,10:00:00,360,0
942731,10:00:00,16:00:00,420,0
942731,16:00:00,23:00:00,420,0
942732,05:20:00,23:00:00,400,0
942733,05:55:00,10:00:00,360,0
942733,10:00:00,16:00:00,420,0
942733,16:00:00,23:40:00,420,0
942734,05:55:00,23:40:00,400,0
942737,06:30:00,10:00:00,300,0
942737,10:00:00,16:00:00,360,0
942737,16:00:00,24:00:00,420,0
942738,06:30:00,24:00:00,360,0
942739,05:30:00,10:00:00,300,0
942739,16:00:00,23:00:00,420,0
942740,05:30:00,23:00:00,360,0
942741,05:50:00,10:00:00,420,0
942741,10:00:00,16:00:00,600,0
942741,16:00:00,23:00:00,600,0
942742,05:50:00,23:00:00,540,0
942743,06:50:00,10:00:00,420,0
942743,10:00:00,16:00:00,600,0
942743,16:00:00,24:00:00,600,0
942745,06:50:00,24:00:00,540,0
942747,07:00:00,10:00:00,420,0
942747,10:00:00,16:00:00,600,0
942747,16:00:00,23:00:00,600,0
942749,07:00:00,23:00:00,540,0
942748,06:00:00,10:00:00,300,0
942748,10:00:00,16:00:00,420,0
942751,06:15:00,10:00:00,420,0
942751,10:00:00,16:00:00,600,0
942751,16:00:00,22:00:00,600,0
942752,06:15:00,22:00:00,540,0
942757,06:00:00,23:00:00,360,0
3166458,07:00:00,20:00:00,1500,0
3166518,06:00:00,06:30:00,360,0
942798,05:50:00,10:00:00,360,0
942798,10:00:00,16:00:00,300,0
942798,16:00:00,23:00:00,320,0
942801,05:50:00,23:00:00,320,0
3166518,19:00:00,22:30:00,480,0
3166519,08:30:00,09:00:00,360,0
3166522,05:30:00,06:00:00,300,0
942825,05:40:00,10:00:00,180,0
942825,10:00:00,16:00:00,300,0
942825,16:00:00,23:30:00,180,0
942828,05:40:00,10:00:00,180,0
942828,10:00:00,16:00:00,300,0
942828,16:00:00,23:30:00,180,0
942746,06:00:00,24:00:00,600,0
942748,16:00:00,24:00:00,180,0
942724,05:40:00,24:20:00,340,0
942739,10:00:00,16:00:00,360,0
942866,05:30:00,10:00:00,480,0
942866,10:00:00,16:00:00,420,0
942866,16:00:00,23:30:00,480,0
942867,05:30:00,23:30:00,460,0
942868,06:15:00,10:00:00,360,0
942868,10:00:00,16:00:00,600,0
942868,16:00:00,23:15:00,720,0
942869,06:15:00,23:15:00,560,0
942870,05:30:00,10:00:00,360,0
942870,10:00:00,16:00:00,600,0
942870,16:00:00,22:30:00,720,0
942871,05:30:00,22:30:00,560,0
942872,06:30:00,10:00:00,420,0
942872,10:00:00,16:00:00,600,0
942872,16:00:00,22:00:00,600,0
942873,06:30:00,22:00:00,540,0
942874,07:00:00,10:00:00,360,0
942874,10:00:00,16:00:00,600,0
942874,16:00:00,22:30:00,720,0
942875,07:00:00,22:30:00,560,0
942394,09:00:00,10:00:00,3600,0
942394,10:00:00,16:00:00,7200,0
942394,16:00:00,18:30:00,3600,0
942397,08:00:00,10:00:00,3600,0
942397,10:00:00,16:00:00,7200,0
942397,16:00:00,17:30:00,3600,0
942058,06:00:00,23:45:00,900,0
942053,05:30:00,22:45:00,900,0
942238,05:05:00,10:00:00,360,0
942238,10:00:00,16:00:00,420,0
942238,16:00:00,24:00:00,420,0
942240,05:39:00,10:00:00,420,0
942240,10:00:00,16:00:00,600,0
942240,16:00:00,20:30:00,420,0
942262,05:30:00,10:00:00,420,0
942262,10:00:00,16:00:00,600,0
942262,16:00:00,24:00:00,420,0
942267,05:30:00,10:00:00,420,0
942267,16:00:00,24:00:00,420,0
942274,06:20:00,10:00:00,360,0
942274,10:00:00,16:00:00,600,0
942274,16:00:00,21:00:00,360,0
942279,06:20:00,10:00:00,360,0
942279,10:00:00,16:00:00,600,0
942279,16:00:00,21:00:00,360,0
942304,06:30:00,10:00:00,300,0
942304,16:00:00,20:30:00,300,0
942306,06:30:00,10:00:00,300,0
942306,10:00:00,16:00:00,420,0
942306,16:00:00,20:30:00,300,0
942344,05:39:00,10:00:00,420,0
942344,10:00:00,16:00:00,600,0
942344,16:00:00,20:30:00,420,0
942346,05:39:00,10:00:00,420,0
942346,10:00:00,16:00:00,600,0
942346,16:00:00,20:30:00,420,0
942350,05:30:00,10:00:00,420,0
942350,10:00:00,16:00:00,600,0
942350,16:00:00,24:00:00,420,0
942355,05:30:00,10:00:00,420,0
942355,10:00:00,16:00:00,600,0
942355,16:00:00,24:00:00,420,0
942365,05:30:00,10:00:00,360,0
942365,10:00:00,16:00:00,420,0
942365,16:00:00,23:00:00,360,0
942877,06:50:00,16:00:00,600,0
942877,16:00:00,22:15:00,540,0
942878,05:30:00,10:00:00,480,0
942878,10:00:00,16:00:00,420,0
942878,16:00:00,23:30:00,480,0
942882,05:30:00,23:30:00,460,0
942884,07:00:00,10:00:00,540,0
942884,10:00:00,22:00:00,420,0
942885,07:00:00,22:00:00,460,0
942879,06:50:00,22:15:00,540,0
942893,06:30:00,20:45:00,420,0
942895,06:30:00,22:15:00,420,0
942897,05:50:00,21:00:00,600,0
942896,06:10:00,10:00:00,480,0
942896,10:00:00,16:00:00,600,0
942896,16:00:00,23:00:00,600,0
942898,06:10:00,23:00:00,560,0
942899,05:45:00,10:00:00,480,0
942899,10:00:00,16:00:00,600,0
942899,16:00:00,23:00:00,600,0
942900,05:45:00,23:00:00,560,0
942910,05:30:00,23:00:00,380,0
941662,05:30:00,10:00:00,360,0
941662,10:00:00,16:00:00,420,0
942913,05:30:00,23:00:00,380,0
941662,16:00:00,23:00:00,360,0
942304,10:00:00,16:00:00,420,0
942267,10:00:00,16:00:00,600,0
942914,11:00:00,18:00:00,10800,0
942359,05:35:00,10:00:00,420,0
942359,10:00:00,16:00:00,600,0
942359,16:00:00,23:00:00,420,0
942363,05:35:00,23:00:00,480,0
941816,16:00:00,21:00:00,420,0
942919,06:20:00,21:00:00,480,0
942920,06:20:00,21:00:00,480,0
3166548,06:00:00,22:00:00,900,0
3166552,06:12:00,07:00:00,360,0
3166553,07:00:00,09:00:00,300,0
3166518,06:30:00,08:30:00,300,0
3166519,05:40:00,06:00:00,600,0
3166609,06:00:00,22:00:00,900,0
3166519,09:00:00,19:00:00,420,0
3166522,06:00:00,09:00:00,60,0
942937,05:50:00,10:00:00,360,0
942937,10:00:00,16:00:00,300,0
942937,16:00:00,23:00:00,300,0
942938,05:50:00,23:00:00,320,0
942939,05:50:00,10:00:00,360,0
942939,10:00:00,16:00:00,300,0
942939,16:00:00,23:00:00,300,0
942940,05:50:00,23:00:00,320,0
942941,05:50:00,10:00:00,360,0
942941,10:00:00,16:00:00,300,0
942941,16:00:00,23:00:00,300,0
942942,05:50:00,23:00:00,320,0
942943,05:50:00,10:00:00,360,0
942943,10:00:00,16:00:00,300,0
942944,05:50:00,23:00:00,320,0
3166494,07:00:00,08:30:00,480,0
942957,05:50:00,23:30:00,480,0
3166495,06:00:00,07:00:00,720,0
3166495,17:00:00,21:45:00,600,0
943028,05:00:00,10:00:00,300,0
943028,10:00:00,16:00:00,480,0
943028,16:00:00,23:00:00,600,0
943029,05:00:00,23:00:00,460,0
943031,05:00:00,23:00:00,280,0
943030,05:00:00,10:00:00,240,0
943030,10:00:00,16:00:00,300,0
943030,16:00:00,23:00:00,300,0
943060,06:00:00,22:45:00,420,0
943062,06:00:00,23:00:00,420,0
943063,06:00:00,23:00:00,420,0
943065,05:30:00,22:45:00,300,0
943069,06:00:00,23:45:00,300,0
943070,06:00:00,23:45:00,300,0
943071,05:30:00,23:00:00,180,0
943075,05:30:00,23:00:00,180,0
943077,07:20:00,22:00:00,420,0
943078,07:00:00,22:00:00,420,0
943080,06:10:00,10:00:00,600,0
943080,10:00:00,16:00:00,900,0
943080,16:00:00,21:00:00,720,0
943081,06:10:00,21:00:00,740,0
943083,05:20:00,10:00:00,240,0
943083,10:00:00,16:00:00,300,0
943083,16:00:00,22:35:00,420,0
943084,05:20:00,22:35:00,320,0
943085,05:20:00,10:00:00,240,0
943085,10:00:00,16:00:00,300,0
943085,16:00:00,22:35:00,420,0
943086,05:20:00,22:35:00,320,0
3166496,08:30:00,17:00:00,600,0
3166497,06:10:00,07:00:00,900,0
3166497,17:00:00,20:30:00,600,0
943120,06:20:00,10:00:00,240,0
943120,10:00:00,16:00:00,300,0
943120,16:00:00,22:00:00,420,0
943142,06:20:00,22:00:00,600,0
943143,06:20:00,10:00:00,480,0
943143,10:00:00,16:00:00,600,0
943143,16:00:00,22:00:00,720,0
943144,06:20:00,22:00:00,600,0
943149,04:40:00,10:00:00,180,0
943149,10:00:00,16:00:00,180,0
943149,16:00:00,23:40:00,240,0
943150,04:40:00,23:40:00,200,0
943179,05:32:00,24:45:00,200,0
943553,06:10:00,10:00:00,360,0
943553,10:00:00,16:00:00,420,0
943553,16:00:00,21:00:00,480,0
943554,06:10:00,21:00:00,420,0
943555,07:00:00,10:00:00,600,0
943555,10:00:00,16:00:00,900,0
943555,16:00:00,22:00:00,720,0
943556,07:00:00,22:00:00,740,0
943559,05:32:00,10:00:00,180,0
943559,10:00:00,16:00:00,180,0
943559,16:00:00,24:45:00,240,0
945046,06:00:00,10:00:00,300,0
945046,10:00:00,16:00:00,360,0
945046,16:00:00,23:00:00,360,0
945047,06:00:00,23:00:00,340,0
945050,07:15:00,22:15:00,720,0
945051,07:15:00,22:15:00,720,0
3166504,06:15:00,09:00:00,240,0
3166504,17:00:00,21:00:00,300,0
3166610,06:00:00,22:00:00,900,0
945085,05:00:00,10:00:00,180,0
945085,10:00:00,16:00:00,240,0
945085,16:00:00,23:00:00,240,0
945093,05:00:00,23:00:00,220,0
945098,04:20:00,10:00:00,120,0
945098,10:00:00,16:00:00,240,0
945098,16:00:00,23:30:00,300,0
945099,04:20:00,23:30:00,220,0
3166505,06:15:00,22:00:00,600,0
3166502,07:00:00,21:00:00,360,0
945251,05:30:00,23:00:00,360,0
941936,10:00:00,24:00:00,300,0
941666,05:00:00,24:00:00,240,0
941687,10:00:00,24:00:00,600,0
941836,05:30:00,24:00:00,180,0
941690,10:00:00,24:00:00,420,0
3166549,05:45:00,08:00:00,480,0
942536,16:00:00,24:00:00,120,0
942537,05:30:00,24:00:00,180,0
942685,16:00:00,24:00:00,180,0
942686,06:35:00,24:00:00,160,0
942943,16:00:00,24:00:00,300,0
943073,06:20:00,24:00:00,180,0
945954,05:05:00,10:00:00,180,0
941826,06:00:00,24:15:00,600,0
945954,10:00:00,12:30:00,190,0
945956,06:00:00,10:00:00,180,0
3166460,06:45:00,22:00:00,720,0
3166465,06:40:00,22:00:00,600,0
3166481,05:30:00,06:00:00,300,0
3166481,08:30:00,17:00:00,180,0
3166476,06:20:00,08:30:00,480,0
3166476,17:00:00,19:00:00,480,0
3166477,06:20:00,08:30:00,780,0
3166477,17:00:00,19:00:00,780,0
945956,10:00:00,25:00:00,190,0
945964,07:00:00,20:00:00,600,0
945965,07:00:00,20:00:00,600,0
945967,07:00:00,20:00:00,600,0
945968,07:00:00,20:00:00,600,0
945969,06:50:00,10:00:00,300,0
945969,10:00:00,16:00:00,400,0
945969,16:00:00,21:50:00,300,0
945970,06:50:00,21:50:00,600,0
945972,06:00:00,10:00:00,300,0
945972,10:00:00,16:00:00,400,0
945972,16:00:00,21:00:00,300,0
945980,06:00:00,21:00:00,600,0
3166478,06:20:00,08:30:00,480,0
3166478,17:00:00,19:00:00,480,0
3166480,06:20:00,08:30:00,780,0
3166480,17:00:00,19:00:00,780,0
3166485,06:00:00,07:00:00,300,0
3166486,05:00:00,05:30:00,600,0
3166486,07:00:00,08:30:00,120,0
3166487,05:00:00,05:30:00,600,0
3166487,07:00:00,08:30:00,300,0
946224,06:00:00,10:00:00,300,0
946224,10:00:00,16:00:00,360,0
946224,16:00:00,23:00:00,420,0
946226,06:00:00,23:00:00,360,0
3166488,05:30:00,06:30:00,600,0
3166488,08:30:00,17:00:00,480,0
3166489,05:30:00,06:30:00,720,0
3166489,08:30:00,17:00:00,600,0
3166490,05:30:00,06:30:00,600,0
3166443,06:00:00,22:30:00,480,0
3166444,06:00:00,22:30:00,480,0
3166445,06:00:00,22:30:00,600,0
3166446,06:00:00,22:30:00,600,0
3166447,05:40:00,07:00:00,420,0
3166447,07:00:00,09:00:00,150,0
3166447,09:00:00,17:00:00,300,0
3166447,17:00:00,20:00:00,150,0
3166447,20:00:00,00:00:00,360,0
3166448,05:40:00,07:00:00,420,0
3166448,07:00:00,09:00:00,150,0
3166448,09:00:00,17:00:00,300,0
3166448,17:00:00,20:00:00,150,0
3166448,20:00:00,00:00:00,360,0
3166449,05:30:00,00:00:00,300,0
3166450,05:30:00,00:00:00,300,0
3166461,07:00:00,20:30:00,1500,0
3166466,06:40:00,22:00:00,600,0
3166481,06:00:00,07:00:00,240,0
3166481,17:00:00,23:00:00,300,0
3166476,08:30:00,17:00:00,600,0
3166476,19:00:00,21:30:00,600,0
3166477,08:30:00,17:00:00,900,0
3166477,19:00:00,21:30:00,900,0
3166478,08:30:00,17:00:00,600,0
3166478,19:00:00,21:30:00,600,0
3166480,08:30:00,17:00:00,900,0
3166480,19:00:00,21:30:00,900,0
3166494,08:30:00,17:00:00,720,0
3166495,07:00:00,08:30:00,480,0
3166496,06:10:00,07:00:00,600,0
3166496,17:00:00,20:30:00,480,0
3166485,05:00:00,05:30:00,600,0
3166485,07:00:00,08:30:00,300,0
3166486,05:30:00,06:00:00,300,0
3166486,08:30:00,17:00:00,180,0
3166487,05:30:00,06:00:00,300,0
3166487,08:30:00,17:00:00,300,0
3166488,06:30:00,08:30:00,480,0
3166488,17:00:00,23:00:00,480,0
3166489,06:30:00,08:30:00,480,0
3166489,17:00:00,23:00:00,600,0
3166490,06:30:00,08:30:00,480,0
3166490,08:30:00,17:00:00,480,0
3166490,17:00:00,23:00:00,480,0
3166491,05:30:00,06:30:00,720,0
3166491,06:30:00,08:30:00,480,0
3166491,08:30:00,17:00:00,600,0
3166491,17:00:00,23:00:00,600,0
3166492,06:00:00,07:00:00,600,0
3166492,07:00:00,08:30:00,480,0
3166492,08:30:00,17:00:00,720,0
3166492,17:00:00,21:45:00,600,0
3166493,06:00:00,07:00:00,720,0
3166493,07:00:00,08:30:00,480,0
3166493,08:30:00,17:00:00,720,0
3166493,17:00:00,21:45:00,600,0
3166497,07:00:00,08:30:00,600,0
3166497,20:30:00,23:00:00,900,0
3166498,07:00:00,08:30:00,480,0
3166498,17:00:00,20:30:00,480,0
3166499,06:10:00,07:00:00,900,0
3166499,08:30:00,17:00:00,720,0
3166500,21:00:00,22:00:00,600,0
3166503,06:15:00,22:00:00,600,0
3166504,09:00:00,17:00:00,300,0
3166504,21:00:00,22:00:00,600,0
3166507,07:00:00,21:00:00,360,0
3166510,05:45:00,06:05:00,600,0
3166510,06:05:00,06:13:00,480,0
3166510,06:13:00,09:00:00,360,0
3166510,09:00:00,22:30:00,480,0
3166511,05:45:00,06:05:00,600,0
3166511,06:05:00,06:13:00,480,0
3166511,06:13:00,09:00:00,360,0
3166511,09:00:00,22:30:00,480,0
3166513,05:10:00,05:54:00,480,0
3166513,05:54:00,06:48:00,360,0
3166513,06:48:00,09:00:00,240,0
3166513,09:00:00,22:30:00,480,0
3166518,08:30:00,09:00:00,360,0
3166519,06:00:00,06:30:00,360,0
3166519,19:00:00,22:30:00,480,0
3166522,09:00:00,10:00:00,240,0
3166522,10:00:00,19:00:00,180,0
3166522,19:00:00,20:00:00,160,0
3166522,20:00:00,22:30:00,300,0
3166523,05:00:00,05:30:00,900,0
3166523,05:30:00,06:00:00,300,0
3166523,06:00:00,09:00:00,60,0
3166523,09:00:00,10:00:00,240,0
3166523,10:00:00,19:00:00,180,0
3166523,19:00:00,20:00:00,160,0
3166523,20:00:00,22:30:00,300,0
3166524,05:40:00,06:00:00,600,0
3166524,06:00:00,06:30:00,360,0
3166524,06:30:00,08:30:00,300,0
3166524,08:30:00,09:00:00,360,0
3166524,09:00:00,19:00:00,420,0
3166524,19:00:00,22:30:00,480,0
3166525,05:40:00,06:00:00,600,0
3166525,06:00:00,06:30:00,360,0
3166525,06:30:00,08:30:00,300,0
3166525,08:30:00,09:00:00,360,0
3166525,09:00:00,19:00:00,420,0
3166525,19:00:00,22:30:00,480,0
3166549,08:00:00,16:00:00,600,0
3166527,06:13:00,09:00:00,360,0
3166528,06:13:00,09:00:00,360,0
3166529,06:48:00,09:00:00,240,0
3166530,05:54:00,06:48:00,360,0
3166531,05:30:00,08:30:00,120,0
3166532,05:30:00,08:30:00,120,0
3166532,20:30:00,23:00:00,240,0
3166552,07:00:00,09:00:00,300,0
3166534,20:30:00,23:00:00,300,0
3166535,20:30:00,23:00:00,300,0
3166553,09:00:00,22:30:00,360,0
3166537,05:50:00,09:30:00,240,0
3166537,09:30:00,17:00:00,360,0
3166537,17:00:00,21:00:00,300,0
3166538,05:50:00,09:30:00,240,0
3166538,09:30:00,17:00:00,360,0
3166538,17:00:00,21:00:00,300,0
3166540,05:55:00,09:30:00,240,0
3166540,09:30:00,17:00:00,360,0
3166540,17:00:00,21:00:00,300,0
3166541,05:55:00,09:30:00,240,0
3166541,09:30:00,17:00:00,360,0
3166541,17:00:00,21:00:00,300,0
467742,06:00:00,10:00:00,900,0
467742,10:00:00,16:00:00,1800,0
467742,16:00:00,20:00:00,900,0
467742,20:00:00,23:00:00,1800,0
467743,06:00:00,23:00:00,1800,0
467744,06:00:00,10:00:00,900,0
467744,10:00:00,16:00:00,1800,0
467744,16:00:00,20:00:00,900,0
467744,20:00:00,23:00:00,1800,0
467745,06:00:00,23:00:00,1800,0
467934,06:00:00,10:00:00,900,0
467934,10:00:00,16:00:00,1800,0
467934,16:00:00,20:00:00,900,0
467934,20:00:00,23:00:00,1800,0
467935,06:00:00,23:00:00,1800,0
467936,06:00:00,10:00:00,900,0
467936,10:00:00,16:00:00,1800,0
467936,16:00:00,20:00:00,900,0
467936,20:00:00,23:00:00,1800,0
467937,06:00:00,23:00:00,1800,0
467723,06:00:00,23:00:00,1800,0
467725,06:00:00,23:00:00,1800,0
467735,06:00:00,23:00:00,1800,0
467737,06:00:00,23:00:00,1800,0
467939,06:00:00,23:00:00,1800,0
467941,06:00:00,23:00:00,1800,0
467862,06:00:00,10:00:00,900,0
467862,10:00:00,16:00:00,1800,0
467722,07:00:00,10:00:00,240,0
467722,10:00:00,16:00:00,600,0
467722,16:00:00,20:00:00,240,0
467722,20:00:00,22:00:00,240,0
467724,07:00:00,10:00:00,240,0
467724,10:00:00,16:00:00,600,0
467724,16:00:00,20:00:00,240,0
467724,20:00:00,22:00:00,240,0
467734,07:00:00,10:00:00,240,0
467734,10:00:00,16:00:00,600,0
467734,16:00:00,20:00:00,240,0
467734,20:00:00,22:00:00,600,0
467736,07:00:00,10:00:00,240,0
467736,10:00:00,16:00:00,600,0
467736,16:00:00,20:00:00,240,0
467736,20:00:00,22:00:00,240,0
467938,07:00:00,10:00:00,240,0
467938,10:00:00,16:00:00,600,0
467938,16:00:00,20:00:00,240,0
467938,20:00:00,22:00:00,240,0
467940,07:00:00,10:00:00,240,0
467940,10:00:00,16:00:00,600,0
467940,16:00:00,20:00:00,240,0
467940,20:00:00,22:00:00,240,0
467862,16:00:00,20:00:00,900,0
467862,20:00:00,23:00:00,1800,0
467863,06:00:00,23:00:00,1800,0
467864,06:00:00,10:00:00,900,0
467864,10:00:00,16:00:00,1800,0
467864,16:00:00,20:00:00,900,0
467864,20:00:00,23:00:00,1800,0
467865,06:00:00,23:00:00,1800,0
467910,06:00:00,10:00:00,900,0
467910,10:00:00,16:00:00,1800,0
467910,16:00:00,20:00:00,900,0
467910,20:00:00,23:00:00,1800,0
467911,06:00:00,23:00:00,1800,0
467912,06:00:00,10:00:00,900,0
467912,10:00:00,16:00:00,1800,0
467912,16:00:00,20:00:00,900,0
467912,20:00:00,23:00:00,1800,0
467913,06:00:00,23:00:00,1800,0
467750,06:00:00,10:00:00,900,0
467750,10:00:00,16:00:00,1800,0
467750,16:00:00,20:00:00,900,0
467750,20:00:00,23:00:00,1800,0
467751,06:00:00,23:00:00,1800,0
467752,06:00:00,10:00:00,900,0
467752,10:00:00,16:00:00,1800,0
467752,16:00:00,20:00:00,900,0
467752,20:00:00,23:00:00,1800,0
467753,06:00:00,23:00:00,1800,0
467810,06:00:00,10:00:00,900,0
467810,10:00:00,16:00:00,1800,0
467810,16:00:00,20:00:00,900,0
467810,20:00:00,23:00:00,1800,0
467811,06:00:00,23:00:00,1800,0
467812,06:00:00,10:00:00,900,0
467812,10:00:00,16:00:00,1800,0
467812,16:00:00,20:00:00,900,0
467812,20:00:00,23:00:00,1800,0
467813,06:00:00,23:00:00,1800,0
467842,06:00:00,10:00:00,900,0
467842,10:00:00,16:00:00,1800,0
467842,16:00:00,20:00:00,900,0
467842,20:00:00,23:00:00,1800,0
467843,06:00:00,23:00:00,1800,0
467844,06:00:00,10:00:00,900,0
467844,10:00:00,16:00:00,1800,0
467844,16:00:00,20:00:00,900,0
467844,20:00:00,23:00:00,1800,0
467845,06:00:00,23:00:00,1800,0
467738,06:00:00,10:00:00,900,0
467738,10:00:00,16:00:00,1800,0
467738,16:00:00,20:00:00,900,0
467738,20:00:00,23:00:00,1800,0
467739,06:00:00,23:00:00,1800,0
467740,06:00:00,10:00:00,900,0
467740,10:00:00,16:00:00,1800,0
467740,16:00:00,20:00:00,900,0
467740,20:00:00,23:00:00,1800,0
467741,06:00:00,23:00:00,1800,0
467774,06:00:00,10:00:00,900,0
467774,10:00:00,16:00:00,1800,0
467774,16:00:00,20:00:00,900,0
467774,20:00:00,23:00:00,1800,0
467775,06:00:00,23:00:00,1800,0
467776,06:00:00,10:00:00,900,0
467776,10:00:00,16:00:00,1800,0
467776,16:00:00,20:00:00,900,0
467776,20:00:00,23:00:00,1800,0
467777,06:00:00,23:00:00,1800,0
467726,06:00:00,10:00:00,900,0
467726,10:00:00,16:00:00,1800,0
467726,16:00:00,20:00:00,900,0
467726,20:00:00,23:00:00,1800,0
467727,06:00:00,23:00:00,1800,0
467728,06:00:00,10:00:00,900,0
467728,10:00:00,16:00:00,1800,0
467728,16:00:00,20:00:00,900,0
467728,20:00:00,23:00:00,1800,0
467729,06:00:00,23:00:00,1800,0
467846,06:00:00,10:00:00,900,0
467846,10:00:00,16:00:00,1800,0
467846,16:00:00,20:00:00,900,0
467846,20:00:00,23:00:00,1800,0
467847,06:00:00,23:00:00,1800,0
467848,06:00:00,10:00:00,900,0
467848,10:00:00,16:00:00,1800,0
467848,16:00:00,20:00:00,900,0
467848,20:00:00,23:00:00,1800,0
467849,06:00:00,23:00:00,1800,0
467770,06:00:00,10:00:00,900,0
467770,10:00:00,16:00:00,1800,0
467770,16:00:00,20:00:00,900,0
467770,20:00:00,23:00:00,1800,0
467771,06:00:00,23:00:00,1800,0
467772,06:00:00,10:00:00,900,0
467772,10:00:00,16:00:00,1800,0
467772,16:00:00,20:00:00,900,0
467772,20:00:00,23:00:00,1800,0
467773,06:00:00,23:00:00,1800,0
467866,06:00:00,10:00:00,900,0
467866,10:00:00,16:00:00,1800,0
467866,16:00:00,20:00:00,900,0
467866,20:00:00,23:00:00,1800,0
467867,06:00:00,23:00:00,1800,0
467868,06:00:00,10:00:00,900,0
467868,10:00:00,16:00:00,1800,0
467868,16:00:00,20:00:00,900,0
467868,20:00:00,23:00:00,1800,0
467869,06:00:00,23:00:00,1800,0
467855,06:00:00,23:00:00,1800,0
467856,06:00:00,10:00:00,900,0
467856,10:00:00,16:00:00,1800,0
467856,16:00:00,20:00:00,900,0
467856,20:00:00,23:00:00,1800,0
467857,06:00:00,23:00:00,1800,0
467718,06:00:00,10:00:00,900,0
467718,10:00:00,16:00:00,1800,0
467718,16:00:00,20:00:00,900,0
467718,20:00:00,23:00:00,1800,0
467719,06:00:00,23:00:00,1800,0
467720,06:00:00,10:00:00,900,0
467720,10:00:00,16:00:00,1800,0
467720,16:00:00,20:00:00,900,0
467720,20:00:00,23:00:00,1800,0
467721,06:00:00,23:00:00,1800,0
467906,06:00:00,10:00:00,900,0
467906,10:00:00,16:00:00,1800,0
467906,16:00:00,20:00:00,900,0
467906,20:00:00,23:00:00,1800,0
467907,06:00:00,23:00:00,1800,0
467908,06:00:00,10:00:00,900,0
467908,10:00:00,16:00:00,1800,0
467908,16:00:00,20:00:00,900,0
467908,20:00:00,23:00:00,1800,0
467909,06:00:00,23:00:00,1800,0
467886,06:00:00,10:00:00,900,0
467886,10:00:00,16:00:00,1800,0
467886,16:00:00,20:00:00,900,0
467886,20:00:00,23:00:00,1800,0
467887,06:00:00,23:00:00,1800,0
467888,06:00:00,10:00:00,900,0
467888,10:00:00,16:00:00,1800,0
467888,16:00:00,20:00:00,900,0
467888,20:00:00,23:00:00,1800,0
467889,06:00:00,23:00:00,1800,0
467714,06:00:00,10:00:00,900,0
467714,10:00:00,16:00:00,1800,0
467714,16:00:00,20:00:00,900,0
467714,20:00:00,23:00:00,1800,0
467715,06:00:00,23:00:00,1800,0
467716,06:00:00,10:00:00,900,0
467716,10:00:00,16:00:00,1800,0
467716,16:00:00,20:00:00,900,0
467716,20:00:00,23:00:00,1800,0
467717,06:00:00,23:00:00,1800,0
467806,06:00:00,10:00:00,900,0
467806,10:00:00,16:00:00,1800,0
467806,16:00:00,20:00:00,900,0
467806,20:00:00,23:00:00,1800,0
467807,06:00:00,23:00:00,1800,0
467808,06:00:00,10:00:00,900,0
467808,10:00:00,16:00:00,1800,0
467808,16:00:00,20:00:00,900,0
467808,20:00:00,23:00:00,1800,0
467809,06:00:00,23:00:00,1800,0
467922,06:00:00,10:00:00,900,0
467922,10:00:00,16:00:00,1800,0
467922,16:00:00,20:00:00,900,0
467922,20:00:00,23:00:00,1800,0
467923,06:00:00,23:00:00,1800,0
467924,06:00:00,10:00:00,900,0
467924,10:00:00,16:00:00,1800,0
467924,16:00:00,20:00:00,900,0
467924,20:00:00,23:00:00,1800,0
467925,06:00:00,23:00:00,1800,0
467958,06:00:00,10:00:00,900,0
467958,10:00:00,16:00:00,1800,0
467958,16:00:00,20:00:00,900,0
467958,20:00:00,23:00:00,1800,0
467959,06:00:00,23:00:00,1800,0
467960,06:00:00,10:00:00,900,0
467960,10:00:00,16:00:00,1800,0
467960,16:00:00,20:00:00,900,0
467960,20:00:00,23:00:00,1800,0
467961,06:00:00,23:00:00,1800,0
467902,06:00:00,10:00:00,900,0
467902,10:00:00,16:00:00,1800,0
467902,16:00:00,20:00:00,900,0
467902,20:00:00,23:00:00,1800,0
467903,06:00:00,23:00:00,1800,0
467904,06:00:00,10:00:00,900,0
467904,10:00:00,16:00:00,1800,0
467904,16:00:00,20:00:00,900,0
467904,20:00:00,23:00:00,1800,0
467905,06:00:00,23:00:00,1800,0
467875,06:00:00,23:00:00,1800,0
467877,06:00:00,23:00:00,1800,0
467915,06:00:00,23:00:00,1800,0
467917,06:00:00,23:00:00,1800,0
467814,06:00:00,10:00:00,900,0
467814,10:00:00,16:00:00,1800,0
467814,16:00:00,20:00:00,900,0
467814,20:00:00,23:00:00,1800,0
467815,06:00:00,23:00:00,1800,0
467816,06:00:00,10:00:00,900,0
467816,10:00:00,16:00:00,1800,0
467816,16:00:00,20:00:00,900,0
467816,20:00:00,23:00:00,1800,0
467817,06:00:00,23:00:00,1800,0
467830,06:00:00,10:00:00,900,0
467830,10:00:00,16:00:00,1800,0
467830,16:00:00,20:00:00,900,0
467830,20:00:00,23:00:00,1800,0
467831,06:00:00,23:00:00,1800,0
467832,06:00:00,10:00:00,900,0
467832,10:00:00,16:00:00,1800,0
467832,16:00:00,20:00:00,900,0
467832,20:00:00,23:00:00,1800,0
467833,06:00:00,23:00:00,1800,0
467767,06:00:00,23:00:00,1800,0
467769,06:00:00,23:00:00,1800,0
467851,06:00:00,23:00:00,1800,0
467853,06:00:00,23:00:00,1800,0
467758,06:00:00,10:00:00,900,0
467758,10:00:00,16:00:00,1800,0
467758,16:00:00,20:00:00,900,0
467758,20:00:00,23:00:00,1800,0
467759,06:00:00,23:00:00,1800,0
467760,06:00:00,10:00:00,900,0
467760,10:00:00,16:00:00,1800,0
467760,16:00:00,20:00:00,900,0
467760,20:00:00,23:00:00,1800,0
467761,06:00:00,23:00:00,1800,0
467798,06:00:00,10:00:00,900,0
467798,10:00:00,16:00:00,1800,0
467798,16:00:00,20:00:00,900,0
467798,20:00:00,23:00:00,1800,0
467799,06:00:00,23:00:00,1800,0
467800,06:00:00,10:00:00,900,0
467800,10:00:00,16:00:00,1800,0
467800,16:00:00,20:00:00,900,0
467800,20:00:00,23:00:00,1800,0
467801,06:00:00,23:00:00,1800,0
467918,06:00:00,10:00:00,900,0
467918,10:00:00,16:00:00,1800,0
467918,16:00:00,20:00:00,900,0
467918,20:00:00,23:00:00,1800,0
467919,06:00:00,23:00:00,1800,0
467920,06:00:00,10:00:00,900,0
467920,10:00:00,16:00:00,1800,0
467920,16:00:00,20:00:00,900,0
467920,20:00:00,23:00:00,1800,0
467921,06:00:00,23:00:00,1800,0
467914,07:00:00,10:00:00,600,0
467914,10:00:00,16:00:00,900,0
467914,16:00:00,20:00:00,600,0
467852,10:00:00,16:00:00,900,0
467916,07:00:00,10:00:00,600,0
467916,10:00:00,16:00:00,900,0
467916,16:00:00,20:00:00,600,0
467852,16:00:00,20:00:00,600,0
467874,07:00:00,10:00:00,600,0
467874,10:00:00,16:00:00,900,0
467874,16:00:00,20:00:00,600,0
467852,20:00:00,21:00:00,600,0
467876,07:00:00,10:00:00,600,0
467876,10:00:00,16:00:00,900,0
467876,16:00:00,20:00:00,600,0
467914,20:00:00,24:00:00,600,0
467850,07:00:00,10:00:00,600,0
467850,10:00:00,16:00:00,900,0
467850,16:00:00,20:00:00,600,0
467850,20:00:00,21:00:00,600,0
467852,07:00:00,10:00:00,600,0
467766,07:00:00,10:00:00,600,0
467766,10:00:00,16:00:00,900,0
467766,16:00:00,20:00:00,600,0
467766,20:00:00,21:00:00,600,0
467768,07:00:00,10:00:00,600,0
467768,10:00:00,16:00:00,900,0
467768,16:00:00,20:00:00,600,0
467768,20:00:00,21:00:00,600,0
467874,20:00:00,24:00:00,600,0
467876,20:00:00,24:00:00,600,0
467916,20:00:00,24:00:00,600,0
467834,06:00:00,10:00:00,900,0
467834,10:00:00,16:00:00,1800,0
467834,16:00:00,20:00:00,900,0
467834,20:00:00,23:00:00,1800,0
467835,06:00:00,23:00:00,1800,0
467836,06:00:00,10:00:00,900,0
467836,10:00:00,16:00:00,1800,0
467836,16:00:00,20:00:00,900,0
467836,20:00:00,23:00:00,1800,0
467837,06:00:00,23:00:00,1800,0
467746,06:00:00,10:00:00,900,0
467746,10:00:00,16:00:00,1800,0
467746,16:00:00,20:00:00,900,0
467746,20:00:00,23:00:00,1800,0
467747,06:00:00,23:00:00,1800,0
467748,06:00:00,10:00:00,900,0
467748,10:00:00,16:00:00,1800,0
467748,16:00:00,20:00:00,900,0
467748,20:00:00,23:00:00,1800,0
467749,06:00:00,23:00:00,1800,0
467786,06:00:00,10:00:00,900,0
467786,10:00:00,16:00:00,1800,0
467786,16:00:00,20:00:00,900,0
467786,20:00:00,23:00:00,1800,0
467787,06:00:00,23:00:00,1800,0
467788,06:00:00,10:00:00,900,0
467788,10:00:00,16:00:00,1800,0
467788,16:00:00,20:00:00,900,0
467788,20:00:00,23:00:00,1800,0
467789,06:00:00,23:00:00,1800,0
467926,06:00:00,10:00:00,900,0
467926,10:00:00,16:00:00,1800,0
467926,16:00:00,20:00:00,900,0
467926,20:00:00,23:00:00,1800,0
467927,06:00:00,23:00:00,1800,0
467928,06:00:00,10:00:00,900,0
467928,10:00:00,16:00:00,1800,0
467928,16:00:00,20:00:00,900,0
467928,20:00:00,23:00:00,1800,0
467929,06:00:00,23:00:00,1800,0
467871,06:00:00,23:00:00,1800,0
467873,06:00:00,23:00:00,1800,0
467882,06:00:00,10:00:00,900,0
467882,10:00:00,16:00:00,1800,0
467882,16:00:00,20:00:00,900,0
467882,20:00:00,23:00:00,1800,0
467883,06:00:00,23:00:00,1800,0
467884,06:00:00,10:00:00,900,0
467884,10:00:00,16:00:00,1800,0
467884,16:00:00,20:00:00,900,0
467884,20:00:00,23:00:00,1800,0
467885,06:00:00,23:00:00,1800,0
467826,06:00:00,10:00:00,900,0
467826,10:00:00,16:00:00,1800,0
467826,16:00:00,20:00:00,900,0
467826,20:00:00,23:00:00,1800,0
467827,06:00:00,23:00:00,1800,0
467828,06:00:00,10:00:00,900,0
467828,10:00:00,16:00:00,1800,0
467828,16:00:00,20:00:00,900,0
467828,20:00:00,23:00:00,1800,0
467829,06:00:00,23:00:00,1800,0
467778,06:00:00,10:00:00,900,0
467778,10:00:00,16:00:00,1800,0
467778,16:00:00,20:00:00,900,0
467778,20:00:00,23:00:00,1800,0
467779,06:00:00,23:00:00,1800,0
467780,06:00:00,10:00:00,900,0
467780,10:00:00,16:00:00,1800,0
467780,16:00:00,20:00:00,900,0
467780,20:00:00,23:00:00,1800,0
467781,06:00:00,23:00:00,1800,0
467962,06:00:00,10:00:00,900,0
467962,10:00:00,16:00:00,1800,0
467962,16:00:00,20:00:00,900,0
467962,20:00:00,23:00:00,1800,0
467963,06:00:00,23:00:00,1800,0
467964,06:00:00,10:00:00,900,0
467964,10:00:00,16:00:00,1800,0
467964,16:00:00,20:00:00,900,0
467964,20:00:00,23:00:00,1800,0
467965,06:00:00,23:00:00,1800,0
467762,06:00:00,10:00:00,900,0
467762,10:00:00,16:00:00,1800,0
467762,16:00:00,20:00:00,900,0
467762,20:00:00,23:00:00,1800,0
467763,06:00:00,23:00:00,1800,0
467764,06:00:00,10:00:00,900,0
467764,10:00:00,16:00:00,1800,0
467764,16:00:00,20:00:00,900,0
467764,20:00:00,23:00:00,1800,0
467765,06:00:00,23:00:00,1800,0
467730,06:00:00,10:00:00,900,0
467730,10:00:00,16:00:00,1800,0
467730,16:00:00,20:00:00,900,0
467730,20:00:00,23:00:00,1800,0
467731,06:00:00,23:00:00,1800,0
467732,06:00:00,10:00:00,900,0
467732,10:00:00,16:00:00,1800,0
467732,16:00:00,20:00:00,900,0
467732,20:00:00,23:00:00,1800,0
467733,06:00:00,23:00:00,1800,0
467858,06:00:00,10:00:00,900,0
467858,10:00:00,16:00:00,1800,0
467858,16:00:00,20:00:00,900,0
467858,20:00:00,23:00:00,1800,0
467859,06:00:00,23:00:00,1800,0
467860,06:00:00,10:00:00,900,0
467860,10:00:00,16:00:00,1800,0
467860,16:00:00,20:00:00,900,0
467860,20:00:00,23:00:00,1800,0
467861,06:00:00,23:00:00,1800,0
467894,06:00:00,10:00:00,900,0
467894,10:00:00,16:00:00,1800,0
467894,16:00:00,20:00:00,900,0
467870,07:00:00,10:00:00,240,0
467870,10:00:00,16:00:00,600,0
467870,16:00:00,20:00:00,240,0
467870,20:00:00,20:30:00,240,0
467872,07:00:00,10:00:00,240,0
467872,10:00:00,16:00:00,600,0
467872,16:00:00,20:00:00,240,0
467872,20:00:00,20:30:00,240,0
467894,20:00:00,23:00:00,1800,0
467895,06:00:00,23:00:00,1800,0
467896,06:00:00,10:00:00,900,0
467896,10:00:00,16:00:00,1800,0
467896,16:00:00,20:00:00,900,0
467896,20:00:00,23:00:00,1800,0
467897,06:00:00,23:00:00,1800,0
467898,06:00:00,10:00:00,900,0
467898,10:00:00,16:00:00,1800,0
467898,16:00:00,20:00:00,900,0
467898,20:00:00,23:00:00,1800,0
467899,06:00:00,23:00:00,1800,0
467951,06:00:00,23:00:00,1800,0
467953,06:00:00,23:00:00,1800,0
467931,06:00:00,23:00:00,1800,0
467933,06:00:00,23:00:00,1800,0
467950,10:00:00,16:00:00,600,0
467950,20:00:00,22:00:00,240,0
467952,07:00:00,10:00:00,240,0
467952,10:00:00,16:00:00,600,0
467952,16:00:00,20:00:00,240,0
467952,20:00:00,22:00:00,240,0
467930,07:00:00,10:00:00,240,0
467930,10:00:00,16:00:00,600,0
467930,16:00:00,20:00:00,240,0
467930,20:00:00,22:00:00,240,0
467932,07:00:00,10:00:00,240,0
467932,10:00:00,16:00:00,600,0
467932,16:00:00,20:00:00,240,0
469700,06:00:00,10:00:00,900,0
469700,10:00:00,16:00:00,1800,0
469700,16:00:00,20:00:00,900,0
469700,20:00:00,23:00:00,1800,0
469701,06:00:00,23:00:00,1800,0
469702,06:00:00,10:00:00,900,0
469702,10:00:00,16:00:00,1800,0
469702,16:00:00,20:00:00,900,0
469702,20:00:00,23:00:00,1800,0
469703,06:00:00,23:00:00,1800,0
469861,06:00:00,10:00:00,900,0
469861,10:00:00,16:00:00,1800,0
469861,16:00:00,20:00:00,900,0
469861,20:00:00,23:00:00,1800,0
469862,06:00:00,23:00:00,1800,0
934243,06:00:00,10:00:00,900,0
934243,10:00:00,16:00:00,1800,0
934243,16:00:00,20:00:00,900,0
758101,06:00:00,10:00:00,900,0
758101,23:00:00,28:00:00,1800,0
934243,20:00:00,23:00:00,1800,0
934245,08:00:00,23:00:00,1800,0
934244,06:00:00,10:00:00,900,0
934244,10:00:00,16:00:00,1800,0
758101,10:00:00,16:00:00,1800,0
934244,16:00:00,20:00:00,900,0
934244,20:00:00,23:00:00,1800,0
758101,16:00:00,20:00:00,900,0
934246,08:00:00,23:00:00,1800,0
758101,20:00:00,23:00:00,1800,0
934247,10:00:00,16:00:00,900,0
758102,06:00:00,28:00:00,1800,0
758103,06:00:00,10:00:00,900,0
934248,10:00:00,16:00:00,900,0
758103,10:00:00,16:00:00,1800,0
934250,08:00:00,23:00:00,1800,0
758103,20:00:00,28:00:00,1800,0
758103,16:00:00,20:00:00,900,0
758105,08:00:00,23:00:00,1800,0
758106,06:00:00,10:00:00,900,0
758106,10:00:00,16:00:00,1800,0
758106,16:00:00,20:00:00,900,0
758106,20:00:00,23:00:00,1800,0
934254,08:00:00,23:00:00,1800,0
934256,08:00:00,23:00:00,1800,0
758107,08:00:00,23:00:00,1800,0
758108,06:00:00,10:00:00,900,0
758108,10:00:00,16:00:00,1800,0
934255,16:00:00,20:00:00,600,0
934255,20:00:00,24:00:00,600,0
934263,06:00:00,10:00:00,900,0
934263,10:00:00,16:00:00,1800,0
758108,16:00:00,20:00:00,900,0
934263,16:00:00,20:00:00,900,0
758108,20:00:00,23:00:00,1800,0
934263,20:00:00,23:00:00,1800,0
934265,08:00:00,23:00:00,1800,0
934262,06:00:00,10:00:00,900,0
934262,10:00:00,16:00:00,1800,0
758109,08:00:00,23:00:00,1800,0
934262,16:00:00,20:00:00,900,0
934262,20:00:00,23:00:00,1800,0
934264,08:00:00,23:00:00,1800,0
467854,06:00:00,10:00:00,900,0
467854,10:00:00,16:00:00,1800,0
467854,16:00:00,20:00:00,900,0
467854,20:00:00,23:00:00,1800,0
943053,06:45:00,23:00:00,600,0
943054,06:45:00,22:00:00,600,0
934247,07:00:00,10:00:00,600,0
934247,16:00:00,20:00:00,600,0
934247,20:00:00,21:00:00,600,0
934248,07:00:00,10:00:00,600,0
934248,16:00:00,20:00:00,600,0
934248,20:00:00,21:00:00,600,0
934252,07:15:00,10:00:00,600,0
934252,10:00:00,16:00:00,900,0
934252,16:00:00,20:00:00,600,0
934255,07:15:00,10:00:00,600,0
934255,10:00:00,16:00:00,900,0
467950,07:00:00,10:00:00,240,0
467950,16:00:00,20:00:00,240,0
467932,20:00:00,22:00:00,240,0
934252,20:00:00,24:00:00,600,0
469471,07:00:00,22:40:00,1800,0
469472,07:00:00,22:30:00,1800,0
469544,07:00:00,21:40:00,1800,0
469545,08:00:00,10:10:00,3600,0
469545,10:30:00,21:40:00,1800,0
469547,07:00:00,21:40:00,1800,0
469548,07:30:00,09:40:00,3600,0
469548,10:00:00,21:40:00,1800,0
959339,16:00:00,17:05:00,3900,0
959339,12:00:00,16:00:00,3600,0
959339,11:15:00,12:00:00,2700,0
959339,09:15:00,11:15:00,1800,0
3071681,06:20:00,25:00:00,900,0
3071680,06:20:00,00:45:00,900,0
808627,06:10:00,24:45:00,900,0
808628,06:20:00,25:00:00,900,0
808626,07:15:00,24:20:00,900,0
808624,07:00:00,24:20:00,900,0
808623,06:45:00,24:00:00,900,0
959338,08:00:00,21:30:00,1800,0
959334,08:00:00,21:30:00,1800,0
